😀	0	rosto risonho	cheerful | cheery | engraçado | face | feliz | grin | grinning | grinning face | happy | laugh | lol | nice | rindo | risada | riso | rosto | rosto risonho | smile | smiling | sorridente | teeth
😃	0	rosto risonho com olhos bem abertos	aberto | awesome | big | boca | eyes | face | feliz | grin | grinning | grinning face with big eyes | happy | mouth | olhos arregalados | open | risada | risonho | rosto | rosto risonho com olhos bem abertos | rosto sorrindo com boca aberta | smile | smiling | sorridente | sorrindo | sorriso | teeth | yay
😄	0	rosto risonho com olhos sorridentes	aberta | boca | engraçado | eye | eyes | face | feliz | grin | grinning | grinning face with smiling eyes | haha | happy | laugh | lol | mouth | open | risada | riso | risonho | rosto risonho com olhos sorridentes | smile | smiling | sorridente | sorriso
😁	0	rosto contente com olhos sorridentes	beaming | beaming face with smiling eyes | eye | eyes | face | feliz | grin | grinning | happy | nice | olho | olhos sorrindo | rindo | rosto | rosto contente com olhos sorridentes | rosto rindo com olhos sorridentes | smile | smiling | sorridente | sorrindo | sorriso | sorriso aberto | teeth
😆	0	rosto risonho com olhos semicerrados	closed | eyes | face | gargalhada | gargalhando | grinning | grinning squinting face | haha | hahaha | happy | kkk | laugh | lol | mouth | olhos fechados | open | rir | rofl | rosto | rosto risonho com olhos semicerrados | smile | smiling | sorriso com olhos fechados | sorriso estilo XD | squinting
😅	0	rosto risonho com gota de suor	cold | dejected | estressada | estressado | excited | face | grinning | grinning face with sweat | mouth | nervoso | nervous | open | rindo | rosto | rosto risonho com gota de suor | smile | smiling | sorriso com suor frio | sorriso mas com suor frio | stress | stressed | suando frio | suor frio | sweat
🤣	0	rolando no chão de rir	choro | chão | crying | engraçada | face | feliz | floor | funny | gargalhada | haha | happy | hehe | hilarious | joy | kkk | laugh | lmao | lol | lágrimas | rindo | rir | risada | rofl | roflmao | rolando | rolando no chão de rir | rolling | rolling on the floor laughing | tear
😂	0	rosto chorando de rir	alegria | chorando de rir | crying | engraçada | engraçado | face | face with tears of joy | feels | funny | gargalhada | haha | hahaha | happy | hehe | hilarious | joy | kkk | laugh | lmao | lol | lágrimas | lágrimas de alegria | rofl | roflmao | rosto | rosto chorando de rir | rosto com lágrimas de alegria | tear
🙂	0	rosto levemente sorridente	face | feliz | happy | rosto | rosto levemente sorridente | rosto sorrindo | slightly | slightly smiling face | smile | smiling | sorriso | sorriso leve
🙃	0	rosto de cabeça para baixo	de cabeça para baixo | face | hehe | rosto de cabeça para baixo | rosto invertido | smile | upside-down | upside-down face
🫠	0	rosto derretendo	calor | derretendo | derreter | desaparecer | disappear | dissolve | dissolver | embarrassed | envergonhada | face | haha | heat | hot | liquid | lol | melt | melting | melting face | quente | rosto derretendo | sarcasm | sarcasmo | sarcastic | sarcástica | vergonha
😉	0	rosto com olho piscando	face | flerte | flirt | heartbreaker | piscada | rosto | rosto com olho piscando | rosto piscando | sexy | slide | tease | wink | winking | winking face | winks
😊	0	rosto sorridente com olhos sorridentes	alegre | blush | encabulada | envergonhada | eye | eyes | face | feliz | fofo | glad | rosto sorridente com olhos sorridentes | ruborizar | satisfeita | satisfied | sim | smile | smiling | smiling face with smiling eyes | sorriso | vergonha
😇	0	rosto sorridente com auréola	angel | angelic | angels | anjinho | anjo | auréola | blessed | face | fairy | fairytale | fantasy | halo | happy | innocent | inocente | peaceful | rosto | rosto sorridente com auréola | smile | smiling | smiling face with halo | sorriso | sorriso com auréola | spirit | tale
🥰	0	rosto sorridente com 3 corações	3 | adore | amando | amei | amo | apaixonada | coração | crush | face | heart | hearts | ily | love | paixão | romance | rosto | rosto sorridente com 3 corações | smile | smiling | smiling face with hearts | sorridente | te amo | you
😍	0	rosto sorridente com olhos de coração	143 | amor | apaixonado | bae | coração | eye | face | feels | heart-eyes | hearts | ily | kisses | love | olhar apaixonado | olhos | olhos de coração | paixão | romance | romantic | rosto | rosto sorridente com olhos de coração | smile | smiling face with heart-eyes | xoxo
🤩	0	rosto com olhar maravilhado	estrela | excited | eyes | face | gargalhando | grinning | olhos | rosto | rosto com olhar maravilhado | smile | star | star-struck | starry-eyed | super animada | super animado | super feliz | superanimada | superanimado | superfeliz | wow
😘	0	rosto mandando um beijo	adorbs | bae | beijo | blowing | face | face blowing a kiss | flerte | flirt | heart | ily | jogando beijos | kiss | love | lover | mandando beijo | miss | muah | romantic | rosto | rosto jogando beijos | rosto mandando um beijo | smooch | xoxo | you
😗	0	rosto beijando	143 | beijo | date | dating | face | flirt | ily | kiss | kissing face | love | rosto | rosto beijando | rosto com beijo | smooch | smooches | xoxo | you
☺️	0	rosto sorridente	corada | corado | face | happy | outlined | relaxado | relaxed | rosto | rosto sorridente | rosto sorrindo | rosto sorrindo não preenchido | smile | smiling | smiling face | sorridente | sorriso
😚	0	rosto beijando com olhos fechados	143 | bae | beijando | beijando com os olhos fechados | beijinho | blush | closed | date | dating | eye | eyes | face | flirt | ily | kisses | kissing | kissing face with closed eyes | mandando beijo | olhos fechados | rosto | rosto beijando com olhos fechados | smooches | xoxo
😙	0	rosto beijando com olhos sorridentes	143 | beijar e sorrir | beijinho | beijos | closed | date | dating | eye | eyes | face | flerte | flirt | ily | kiss | kisses | kissing | kissing face with smiling eyes | love | mandando beijo | night | olhos sorrindo | rosto | rosto beijando com olhos sorridentes | rosto beijando com um sorriso | smile | smiling | sorriso
🥲	0	rosto sorridente com lágrima	aliviada | chorar | contente | emocionado | face | felicidade | feliz | glad | grata | grateful | gratidão | happy | joy | lágrima | orgulhosa | pain | proud | relieved | rir | rosto sorridente com lágrima | smile | smiley | smiling | smiling face with tear | sorrir | tear | touched
😋	0	rosto saboreando comida	apetitoso | comida gostosa | delicioso | delicious | eat | face | face savoring food | food | full | gostoso | hungry | nham | rosto | rosto com sorriso | rosto saboreando | rosto saboreando comida | saboroso | savor | smile | smiling | sorriso | tasty | um | yum | yummy
😛	0	rosto mostrando a língua	awesome | cool | face | face with tongue | língua para fora | nice | party | rosto | rosto com língua para fora | rosto mostrando a língua | stuck-out | sweet | tongue
😜	0	rosto piscando e com língua para fora	brincadeira | crazy | epic | eye | face | funny | joke | loopy | língua para fora com piscadela | nutty | party | piscadela | piscando e mostrando a língua | provocação | rosto | rosto piscando e com língua para fora | stuck-out | tongue | wacky | weirdo | wink | winking | winking face with tongue | yolo
🤪	0	rosto bizarro	cara de maluco | crazy | doida | doido | excêntrico | eye | eyes | face | goofy | grande | large | louca | louco | olhar de maluco | olho | pequeno | rosto bizarro | small | zany | zany face
😝	0	rosto com olhos semicerrados e língua para fora	closed | eca | eye | eyes | face | gross | horrible | horrível | língua para fora | língua para fora com os olhos fechados | olhos fechados | omg | rosto | rosto com olhos semicerrados e língua para fora | squinting | squinting face with tongue | stuck-out | taste | tongue | whatever | yolo
🤑	0	rosto com cifrões	avarenta | caro | cifrão | dinheiro | face | ganância | grana | money | money-mouth | money-mouth face | mouth | paid | rica | riqueza | rosto com cifrões
🤗	0	rosto abraçando	abraço | carinho | face | feliz | hands | hug | hugging | mãos abraçando | open | rosto | rosto abraçando | rosto sorrindo | smiling | smiling face with open hands
🤭	0	rosto com a mão sobre a boca	face | face with hand over mouth | giggle | giggling | hand | hehe | mouth | oops | ops | realization | risadinha | risonho | rosto com a mão sobre a boca | secret | shock | sorriso envergonhado | sudden | surprise | vergonha | whoops
🫢	0	rosto com olhos abertos e mão sobre a boca	amazement | assustada | awe | chocada | descrença | disbelief | em choque | embarrass | espanto | eyes | face | face with open eyes and hand over mouth | gasp | hand | mouth | nossa | omg | open | over | passada | quiet | quieta | rosto com olhos abertos e mão sobre a boca | scared | shock | surpresa | surprise | temor
🫣	0	rosto com olho espiando	captivated | cativada | cativado | embarrass | envergonhada | envergonhado | esconder | espiadinha | espiando | espiar | eye | face | face with peeking eye | hide | hiding | olhar fixamente | peek | peeking | peep | rosto com olho espiando | scared | shy | smiley | stare | tímida | tímido | vergonha
🤫	0	rosto fazendo sinal de silêncio	face | faça silêncio | fica quieta | quiet | quieta | quieto | rosto fazendo sinal de silêncio | shh | shush | shushing | shushing face | silêncio
🤔	0	rosto pensativo	chin | consider | curiosa | curioso | dúvida | face | hmm | ideia | ideias | mão no queixo | pensando | pensativa | pensativo | ponder | pondering | rosto | rosto pensativo | thinking | thinking face | wondering
🫡	0	rosto saudando	OK | boa sorte | exército | face | good | luck | ma’am | ok | respect | respeito | rosto saudando | salute | saluting | saluting face | saudação | senhor | sim | sir | troops | tropa | yes
🤐	0	rosto com boca de zíper	boca fechada | calada | calado | face | keep | mouth | quiet | quieta | quieto | rosto | rosto com boca de zíper | secret | segredo | shut | zip | zipper | zipper-mouth | zipper-mouth face | zíper
🤨	0	rosto com sobrancelha levantada	ceticismo | confusa | confuso | cética | cético | desconfiada | desconfiado | desconfiança | disapproval | disbelief | distrust | emoji | eyebrow | face | face with raised eyebrow | hmm | mild | raised | rosto com sobrancelha levantada | skeptic | skeptical | skepticism | surprise | what
😐	0	rosto neutro	awkward | blank | deadpan | expressionless | face | fine | jealous | meh | neutral | neutral face | neutro | oh | putz | rosto | rosto neutro | rosto sem emoção | sem comentários | sem emoção | sem reação | shade | straight | unamused | unhappy | unimpressed | whatever
😑	0	rosto inexpressivo	aff | awkward | dead | expressionless | expressionless face | face | fine | inespressiva | inespressivo | inexpressive | jealous | meh | nada a dizer | not | oh | omg | rosto | rosto inexpressivo | sem comentários | sem expressão | straight | tanto faz | uh | unhappy | unimpressed | whatever
😶	0	rosto sem boca	awkward | blank | calada | calado | expressionless | face | face without mouth | mouth | mouthless | mute | quiet | quieto | rosto | rosto sem boca | secret | sem boca | sem comentários | sem palavras | silence | silent | speechless
🫥	0	rosto com linha pontilhada	depressed | deprimida | desaparecer | disappear | dotted | dotted line face | esconder | escondido | face | hidden | hide | indiferença | introvert | introvertido | invisible | invisível | line | meh | rosto com linha pontilhada | tanto faz | whatever | wtv
😶‍🌫️	0	rosto nas nuvens	absentminded | cabeça nas nuvens | clouds | distraído | face | face in clouds | fog | head | rosto nas nuvens | rosto no nevoeiro
😏	0	rosto com sorriso maroto	boss | dapper | face | flerte | flirt | homie | kidding | leer | rosto | rosto com sorriso maroto | shade | slick | sly | smirk | smirking face | smug | snicker | sorriso maldoso | sorriso malicioso | sorriso maroto | suave | suspeito | suspicious | swag
😒	0	rosto aborrecido	... | aff | blasé | bored | face | fine | jealous | jel | jelly | nada engraçado | não achou graça | não está feliz | pissed | rosto | rosto aborrecido | rosto de que não achou graça | rosto de quem não achou graça | smh | ugh | uhh | unamused | unamused face | unhappy | weird | whatever
🙄	0	rosto com olhos revirados	eyeroll | eyes | face | face with rolling eyes | olhando para cima | olhos | revirando os olhos | rolando os olhos | rolling | rosto | rosto com olhos revirados | shade | tanto faz | ugh | virando os olhos | whatever
😬	0	rosto expressando desagrado	awk | awkward | careta | dentist | face | fazendo careta | grimace | grimacing | grimacing face | grinning | rosto | rosto expressando desagrado | rosto fazendo careta | sem graça | smile | smiling
😮‍💨	0	rosto exalando	alívio | assobio | assopro | blow | blowing | cansada | cansaço | choque | exalar | exausta | exhale | exhaling | exhausted | face | face exhaling | fumaça | gasp | groan | relief | rosto exalando | sigh | smiley | smoke | suspiro | triste | whisper | whistle
🤥	0	rosto de mentiroso	face | liar | lie | lying | lying face | mentindo | mentira | mentiroso | nariz crescendo | pinocchio | pinóquio | rosto de mentiroso
🫨	0	rosto tremendo	choque | crazy | daze | earthquake | face | louco | loucura | meu deus | omg | panic | pânico | rosto | rosto tremendo | shaking | shaking face | shock | surpresa | surprise | susto | terremoto | tremendo | vibrar | vibrate | vibração | whoa | wow
🙂‍↔️	0	cabeça virando de um lado para o outro	balançar | cabeça balançando na horizontal | cabeça virando de um lado para o outro | head | head shaking horizontally | horizontally | negar | no | não | shake | shaking
🙂‍↕️	0	cabeça balançando na vertical	cabeça balançando na vertical | confirmação | head | head shaking vertically | nod | shaking | sim | vertically | yes
😌	0	rosto aliviado	alívio | calm | em paz | face | peace | relief | relieved | relieved face | rosto | rosto aliviado | zen
😔	0	rosto deprimido	abatido | awful | bored | chateado | dejected | deprimido | desanimado | died | disappointed | face | losing | lost | pensativo | pensive | pensive face | pra baixo | rosto | rosto deprimido | sad | sucks
😪	0	rosto sonolento	cara de sono | crying | face | good | night | rosto | rosto com sono | rosto sonolento | sad | sleep | sleeping | sleepy | sleepy face | tired
🤤	0	rosto babando	babando | babar | drooling | drooling face | face | rosto | rosto babando | salivando
😴	0	rosto dormindo	bed | bedtime | boa noite | cama | cansada | cansado | cochilo | dormindo | dormir | face | good | goodnight | nap | night | rosto | rosto dormindo | sleep | sleeping | sleeping face | soneca | sono | tired | whatever | yawn | zzz
🫩	0	rosto com olheiras	bags | bored | cansada | cansado | cansaço | dorminhoco | exausta | exausto | exhausted | eyes | face | face with bags under eyes | fatigued | late | olheiras | rosto com bolsas embaixo dos olhos | rosto com olheiras | sleepy | tired | weary
😷	0	rosto com máscara médica	cold | dentist | dermatologist | doctor | doente | dr | face | face with medical mask | germs | gripado | mask | medical | medicine | máscara | máscara médica | resfriado | rosto | rosto com máscara | rosto com máscara médica | sick
🤒	0	rosto com termômetro	de cama | doente | face | face with thermometer | febre | febril | ill | rosto | rosto com termômetro | sick | termômetro | thermometer
🤕	0	rosto com atadura na cabeça	acidentado | bandage | doente | face | face with head-bandage | ferimento | head-bandage | hurt | injury | machucado | ouch | rosto | rosto com atadura na cabeça | rosto com curativos
🤢	0	rosto nauseado	doente | enjoado | enjoo | face | gross | nasty | nauseated | nauseated face | náusea | rosto nauseado | sick | vomit | vômito
🤮	0	rosto vomitando	barf | doente | ew | face | face vomiting | gross | nojenta | nojento | nojo | puke | rosto vomitando | sick | spew | throw | up | vomit | vomitando | vomiting | vômito
🤧	0	rosto espirrando	de cama | doente | espirrando | espirro | face | fever | flu | gesundheit | gripado | resfriado | rosto espirrando | sick | sneeze | sneezing | sneezing face
🥵	0	rosto fervendo de calor	calor | dying | face | febre | febril | feverish | heat | hot | hot face | insolação | língua de fora | ofegante | panting | quente | red-faced | rosto | rosto fervendo de calor | rosto vermelho | stroke | suando | suor | sweating | tongue
🥶	0	rosto gelado	abaixo de zero | azul | blue | blue-faced | cold | cold face | congelando | congelei | face | freezing | frio | frostbite | gelado | glacial | gélido | icicles | rosto | rosto gelado | subzero | teeth
🥴	0	rosto embriagado	alcoolizado | boca ondulada | bêbada | bêbado | dizzy | drunk | embriagada | embriagado | eyes | face | intoxicado | intoxicated | mouth | olhos tortos | rosto | rosto embriagado | tipsy | tonta | tonto | uneven | wavy | woozy | woozy face
😵	0	rosto atordoado	acabado | atordoado | crossed-out | dead | dizzy | doente | eyes | face | face with crossed-out eyes | feels | knocked | morto | out | rosto | rosto atordoado | sick | tired | tontura
😵‍💫	0	rosto com olhos em espiral	caramba | confused | confuso | desnorteado | dizzy | eita | espirais | eyes | face | face with spiral eyes | hipnotizado | hypnotized | omg | problema | putz | rosto com olhos em espiral | smiley | spiral | tonto | tontura | trouble | uau | whoa | woah | woozy
🤯	0	cabeça explodindo	blown | cabeça | cabeça explodindo | chocada | chocado | chocante | choque | explode | explodindo | exploding | exploding head | head | incrível | mind | mindblown | no | perplexo | shocked | surpreendente | surpresa | surpreso | way
🤠	0	rosto com chapéu de caubói	cara | cara de cauboi | cauboi | caubói | cowboy | cowboy hat face | cowgirl | face | hat | rosto | rosto com chapéu de caubói | sertanejo | vaqueiro
🥳	0	rosto festivo	animação | aniversário | apito | bday | birthday | celebrate | celebration | chapéu | comemorar | comemoração | excited | face | feliz aniversário | festa | happy | hat | hooray | horn | língua de sogra | parabéns | party | partying | partying face | rosto | rosto festivo | viva
🥸	0	rosto disfarçado	bigode | disfarce | disguise | disguised face | espião | eyebrow | face | glasses | incognito | incógnito | moustache | mustache | nariz | nose | person | pessoa | rosto | rosto disfarçado | sobrancelha | spy | tache | tash | óculos
😎	0	rosto sorridente com óculos escuros	awesome | beach | bright | bro | chilling | cool | face | muito sol | na boa | rad | relaxed | rosto | rosto sorridente com óculos escuros | shades | slay | smile | smiling face with sunglasses | sol | sorrindo | sorrindo de óculos escuros | sorriso de óculos | style | sunglasses | swag | to legal | win | óculos escuros
🤓	0	rosto de nerd	brainy | cdf | clever | esperto | estudioso | expert | face | geek | gifted | glasses | inteligente | inteligência | intelligent | nerd | nerd face | rosto de nerd | sabe tudo | sabe-tudo | smart | óculos | óculos de grau
🧐	0	rosto com monóculo	classy | conservador | face | face with monocle | fancy | monocle | rich | rosto com monóculo | stuffy | wealthy
😕	0	rosto confuso	befuddled | confused | confused face | confusing | confuso | dunno | face | frown | hm | indeciso | meh | not | não entendi | não tenho certeza | rosto | rosto confuso | sad | sorry | sure
🫤	0	rosto com boca diagonal	confused | confusion | confusão | cético | decepção | desapontado | diagonal | disappointed | doubt | doubtful | dúvida | face | face with diagonal mouth | frustrated | frustration | frustração | indiferença | inseguro | meh | mouth | rosto com boca diagonal | skeptical | tanto faz | unsure | whatever | wtv
😟	0	rosto preocupado	anxious | butterflies | decepcionado | face | nerves | nervous | preocupado | rosto | rosto preocupado | sad | stress | stressed | surprised | worried | worried face | worry
🙁	0	rosto meio triste	face | frown | frowning | rosto | rosto meio triste | sad | slightly | slightly frowning face | triste | tristeza | tristinho
☹️	0	rosto descontente	decepcionado | decepção | descontente | face | frown | frowning | frowning face | insatisfeito | rosto | rosto de desaprovação | rosto descontente | sad | triste
😮	0	rosto com boca aberta	believe | boca | boca aberta | boquiaberto | empatia | face | face with open mouth | forgot | mouth | omg | open | pasmo | rosto | rosto com boca aberta | shocked | surprised | sympathy | unbelievable | unreal | whoa | wow | you
😯	0	rosto surpreso	epic | espantado | face | hushed | hushed face | omg | rosto | rosto surpreso | stunned | surpreso | surprised | uau | whoa | woah
😲	0	rosto espantado	astonished | astonished face | chocado | cost | estupefato | face | no | omg | rosto | rosto espantado | shocked | totally | totalmente chocado | way
😳	0	rosto ruborizado	amazed | atordoado | awkward | crazy | dazed | dead | deslumbrado | disbelief | embarrassed | face | flushed | flushed face | geez | heat | horrorizado | hot | impressed | impressionado | jeez | rosto | rosto ruborizado | ruborizado | vergonha | what | wow
🥺	0	rosto implorando	begging | big | eyes | face | implorando | mercy | not | olhar de cachorrinho | olhos grandes | perdão | pleading | pleading face | please | por favor | por que não | pq não | pretty | puppy | rosto | rosto implorando | sad | triste | why
🥹	0	rosto segurando as lágrimas	admiration | admiração | alegria | aww | back | chorar | com raiva | cry | embarrassed | emoção | face | face holding back tears | feelings | grateful | gratidão | gratitude | holding | iti malia | joy | lágrimas | orgulho | please | por favor | proud | resist | resistir | rosto segurando as lágrimas | sad | tears | tristeza
😦	0	rosto franzido com boca aberta	aberta | assustado | boca | caught | decepcionado | face | frown | frowning | frowning face with open mouth | guard | inesperado | mouth | open | rosto assustado | rosto franzido com boca aberta | scared | scary | surprise | uau | what | wow
😧	0	rosto angustiado	anguished | anguished face | angustiado | face | forgot | rosto | rosto angustiado | scared | scary | sofrendo | stressed | surprise | unhappy | what | wow
😨	0	rosto amedrontado	afraid | ansiedade | anxious | assustado | blame | com medo | face | fear | fearful | fearful face | medo | preocupado | rosto | rosto amedrontado | scared | worried
😰	0	rosto ansioso com gota de suor	anxious | anxious face with sweat | blue | boca aberta | cold | eek | face | mouth | nervoso | nervous | open | rosto | rosto ansioso com gota de suor | rosto azul com suor frio | rushed | scared | suando frio | suor frio | sweat | yikes
😥	0	rosto triste, mas aliviado	aliviado | anxious | call | close | complicated | decepcionado | disappointed | face | not | não | relieved | rosto | rosto triste, mas aliviado | sad | sad but relieved face | sweat | time | triste | ufa | whew
😢	0	rosto chorando	awful | chorando | choro | cry | crying | crying face | face | feels | lágrimas | miss | rosto | rosto chorando | sad | tear | triste | unhappy
😭	0	rosto chorando aos berros	bawling | chorando | chorando alto | chorar | cry | crying | face | infeliz | loudly | loudly crying face | lágrimas | rosto | rosto chorando aos berros | sad | sob | tear | tears | triste | unhappy
😱	0	rosto gritando de medo	assustada | assustado | epic | face | face screaming in fear | fear | fearful | gritando | grito | medo | munch | rosto | rosto gritando de medo | scared | scream | screamer | screaming | shocked | surprised | susto | temeroso | woah
😖	0	rosto perplexo	annoyed | bravo | confounded | confounded face | confused | cringe | distraught | face | feels | frustrado | frustrated | indignado | mad | perplexo | rosto | rosto perplexo | sad
😣	0	rosto perseverante	concentrado | concentrate | concentration | concentração | dor de cabeça | face | foco | focus | headache | perseverante | perseverança | persevere | persevering | persevering face | rosto | rosto perseverante
😞	0	rosto desapontado	awful | blame | decepção | dejected | desapontado | desapontamento | disappointed | disappointed face | face | fail | losing | rosto | rosto decepcionado | rosto desapontado | sad | triste | unhappy
😓	0	rosto cabisbaixo com gota de suor	close | cold | downcast | downcast face with sweat | face | feels | headache | nervous | rosto | rosto cabisbaixo com gota de suor | rosto com suor frio | sad | scared | suando frio | suor frio | sweat | yikes
😩	0	rosto desolado	aborrecido | cansado | cansei | crying | decepcionado | desolado | exausto | face | fail | feels | hungry | infeliz | mad | nooo | perdi | rosto | rosto desolado | sad | sleepy | tired | unhappy | weary | weary face
😫	0	rosto cansado	cansado | cost | desesperado | exausto | face | feels | nap | rosto | rosto cansado | sad | sneeze | tired | tired face
🥱	0	rosto bocejando	bedtime | bocejo | bored | cansada | cansado | com sono | entediada | entediado | face | goodnight | nap | night | rosto bocejando | sleep | sleepy | sono | tired | whatever | yawn | yawning | yawning face | zzz
😤	0	rosto soltando vapor pelo nariz	anger | angry | brava | bravo | face | face with steam from nose | feels | fume | fuming | furiosa | furioso | furious | fury | irritada | irritado | mad | nose | rosto | rosto soltando vapor pelo nariz | soltando fumaça | steam | triumph | triunfo | unhappy | vitória | won
😡	0	rosto furioso	anger | angry | bravo | enraged | enraged face | face | feels | furioso | irado | mad | maddening | pouting | rage | red | rosto | rosto furioso | shade | unhappy | upset | vermelho | zangado
😠	0	rosto zangado	anger | angry | angry face | blame | face | feels | frustrated | irado | mad | maddening | rage | rosto | rosto zangado | shade | unhappy | upset | zangado
🤬	0	rosto com símbolos na boca	boca | censor | censurado | cursing | cussing | face | face with symbols on mouth | fala | mad | mal | mouth | pissed | rosto | rosto com símbolos na boca | rude | swearing | symbols | símbolos | xingando
😈	0	rosto sorridente com chifres	cara | chifres | demon | devil | diabinho | diabo | evil | face | fairy | fairytale | fantasy | horns | malícia | purple | rosto | rosto sorridente com chifres | roxa | shade | smile | smiling | smiling face with horns | sorridente | sorriso | tale
👿	0	rosto zangado com chifres	angry | angry face with horns | bravo | chifres | demon | demônio | devil | diabinho | diabo | evil | face | fairy | fairytale | fantasy | horns | imp | mischievous | purple | rosto | rosto zangado com chifres | shade | tale | zangado
💀	0	caveira	body | caveira | conto | corpo | dead | death | face | fadas | fairy | fairytale | i’m | lmao | monster | morte | rosto | skull | tale | yolo
☠️	0	caveira e ossos cruzados	bone | caveira | caveira e ossos cruzados | crossbones | dead | death | face | monster | morte | ossos | ossos cruzados | pirata | skull | skull and crossbones
💩	0	cocô	bs | cocô | comic | doo | dung | estrume | excremento | face | fezes | fml | monster | pile | pile of poo | pilha | poo | poop | smelly | smh | stink | stinks | stinky | turd
🤡	0	rosto de palhaço	cara | circo | clown | clown face | engraçado | face | palhaço | piada | rosto | rosto de palhaço
👹	0	ogro	assustador | conto de fadas | creature | demoníaco | devil | face | fairy | fairytale | fantasy | japonês | malvado | mask | monster | monstro | máscara | ogre | ogro | oni | rosto | scary | tale
👺	0	duende japonês	angry | bravo | conto | creature | duende | duende japonês | face | fadas | fairy | fairytale | fantasy | goblin | japonês | mask | mean | monster | monstro | máscara | raiva | rosto | tale | tengu | zangado
👻	0	fantasma	assombrado | assombração | boo | buu | conto | creature | excited | face | fadas | fairy | fairytale | fantasma | fantasy | ghost | halloween | haunting | monster | rosto | scary | silly | tale
👽	0	alienígena	OVNI | alien | alienígena | creature | extraterrestre | extraterrestrial | face | fairy | fairytale | fantasy | monster | rosto | space | tale | ufo
👾	0	monstro alienígena	E.T. | OVNI | alien | alien monster | creature | extraterrestre | extraterrestrial | face | fairy | fairytale | fantasy | game | gamer | games | invasores | monster | monstro | monstro alienígena | pixelado | pixelated | space | tale | ufo
🤖	0	rosto de robô	face | monster | monstro | robot | robotizado | robô | rosto | rosto de robô
😺	0	rosto de gato sorrindo	aberta | animal | boca | cat | face | feliz | gato | grinning | grinning cat | mouth | open | rosto | rosto de gato sorrindo | smile | smiling | sorrindo | sorriso
😸	0	rosto de gato sorrindo com olhos sorridentes	animal | cat | eye | eyes | face | gato | grin | grinning | grinning cat with smiling eyes | rindo | riso | rosto | rosto de gato sorrindo com olhos sorridentes | smile | smiling | sorrindo | sorriso
😹	0	rosto de gato com lágrimas de alegria	alegria | animal | cat | cat with tears of joy | chorando | choro | engraçado | face | felicidade | feliz | gato | joy | laugh | laughing | lol | lágrimas | rir | risos | rosto | rosto de gato com lágrimas de alegria | tear | tears
😻	0	rosto de gato sorridente com olhos de coração	adorei | amor | animal | apaixonado | cat | coração | eye | face | gato | heart | heart-eyes | love | paixão | rosto | rosto de gato sorridente com olhos de coração | smile | smiling | smiling cat with heart-eyes | sorriso
😼	0	rosto de gato com sorriso irônico	animal | cat | cat with wry smile | face | gato | ironic | irônico | rosto | rosto de gato com sorriso irônico | smile | sorriso | wry
😽	0	rosto de gato mandando um beijo	animal | beijando | beijo | cat | closed | eye | eyes | face | fechado | gato | kiss | kissing | kissing cat | olho | rosto | rosto de gato mandando um beijo
🙀	0	rosto de gato desolado	animal | cat | choque | desolado | face | gato | meu deus | oh | oh! | rosto | rosto de gato desolado | surpresa | surpreso | surprised | weary | weary cat
😿	0	rosto de gato chorando	animal | cat | chorando | choro | cry | crying | crying cat | face | gato | lágrima | rosto | rosto de gato chorando | sad | tear | triste
😾	0	rosto de gato mal-humorado	animal | bico | bravo | cat | face | gato | mal-humorado | pouting | pouting cat | rosto | rosto de gato mal-humorado
🙈	0	macaco que não vê nada	embarrassed | envergonhado | evil | face | forbidden | forgot | gesture | hide | macaco | macaco que não vê nada | monkey | no | não veja o mal | não vi nada | olhos | omg | prohibited | scared | secret | see-no-evil monkey | smh | tapados | vergonha | watch
🙉	0	macaco que não ouve nada	animal | ears | evil | face | forbidden | gesture | hear | hear-no-evil monkey | listen | macaco | macaco que não ouve nada | monkey | no | not | não ouve nada | não ouça o mal | não ouço | não quero ouvir | ouvidos | prohibited | secret | shh | tapados | tmi
🙊	0	macaco que não fala nada	animal | boca tapada | evil | face | forbidden | gesture | macaco | macaco que não fala nada | monkey | no | not | não | não fale nada | não posso contar | não posso falar | oops | prohibited | quiet | secret | segredo | silencio | speak | speak-no-evil monkey | stealth | ups
💌	0	carta de amor	carta | carta de amor | coração | correspondência com coração | heart | letter | love | love letter | mail | romance | valentine
💘	0	coração com flecha	143 | adorbs | amor | arrow | coração | coração com flecha | cupid | cupido | date | emotion | emoção | flecha | flechado | heart | heart with arrow | ily | love | paixão | romance | s2 | valentine
💝	0	coração com fita	143 | amor | aniversário | anniversary | coração | coração com fita | dia dos namorados | emotion | fita | heart | heart with ribbon | ily | kisses | presente | ribbon | s2 | valentine | xoxo
💖	0	coração brilhante	143 | amor | brilhante | coração | coração brilhante | emocionante | emotion | emoção | excited | good | heart | ily | kisses | morning | night | s2 | sparkle | sparkling | sparkling heart | xoxo
💗	0	coração crescendo	143 | amor | animado | batendo | coração | coração crescendo | crescendo | emotion | emoção | excited | growing | growing heart | heart | heartpulse | ily | kisses | muah | nervosismo | nervous | pulse | s2 | xoxo
💓	0	coração pulsante	143 | amor | batendo | beating | beating heart | cardio | coração | coração pulsante | emotion | emoção | heart | heartbeat | ily | love | pulsante | pulsating | pulse | s2
💞	0	corações girando	143 | adorbs | adorável | amor | anniversary | bonitinho | coração | corações | corações girando | emotion | emoção | girando | heart | hearts | revolving | revolving hearts | s2
💕	0	dois corações	143 | amor | aniversário | anniversary | casal | coração | date | dating | dois | dois corações | emotion | emoção | heart | hearts | ily | kisses | love | loving | s2 | two | two hearts | xoxo
💟	0	coração decorativo	143 | amor | coração | coração decorativo | decoration | decorativo | decoração | emotion | heart | heart decoration | hearth | purple | roxo | s2 | selo | white
❣️	0	exclamação de coração	amor | bang | coração | exclamation | exclamação | exclamação de coração | heart | heart exclamation | heavy | mark | pontuação | punctuation | s2 | sinal
💔	0	coração partido	amorosa | break | broken | broken heart | coração | coração partido | crushed | decepção | desilusão | emotion | emoção | heart | heartbroken | lonely | partido | quebrado | rompimento | s2 | sad | sofrendo | sofrimento | triste
❤️‍🔥	0	coração em chamas	amor | burn | chamas | coração | coração em chamas | coração sagrado | fire | fogo | heart | heart on fire | love | lust | luxúria | sacred
❤️‍🩹	0	coração remendado	bem | bom | coração remendado | curando | healthier | heart | improving | mais saudável | melhorando | mending | mending heart | recovering | recuperating | recuperação | well
❤️	0	coração vermelho	amor | coração | coração vermelho | emotion | heart | love | red | red heart | s2
🩷	0	coração rosa	143 | adorable | adorei | adorável | amo você | amor | coração | coração rosa | curtir | cute | emotion | emoção | especial | fofo | gostar | gostei | heart | ily | like | love | pink | pink heart | special | sweet | te amo
🧡	0	coração laranja	143 | coração | coração laranja | emoção | heart | laranja | orange | orange heart | s2
💛	0	coração amarelo	143 | amarelo | amor | cardiac | coração | coração amarelo | emotion | emoção | heart | ily | love | s2 | yellow | yellow heart
💚	0	coração verde	143 | coração | coração verde | emotion | emoção | green | green heart | heart | ily | love | romantic | s2 | verde
💙	0	coração azul	143 | azul | blue | blue heart | coração | coração azul | emotion | emoção | heart | ily | love | romance | s2
🩵	0	coração azul-claro	143 | adorar | adorei | amo você | amor | blue | coração | coração azul-claro | cute | cyan | emotion | emoção | especial | fofo | gostar | gostei | heart | ily | light | light blue heart | like | love | sky | special | te amo | teal
💜	0	coração roxo	143 | bestest | coração | coração lilás | coração roxo | emotion | emoção | heart | ily | love | purple | purple heart | roxo | s2
🤎	0	coração marrom	143 | brown | brown heart | coração | coração marrom | heart | marrom | s2
🖤	0	coração preto	black | black heart | coração | coração preto | evil | heart | negro | preto | s2 | wicked
🩶	0	coração cinza	143 | adorar | adorei | amo você | amor | coração | coração cinza | emotion | emoção | especial | gostar | gostei | gray | grey | grey heart | heart | ily | love | silver | slate | special | te amo
🤍	0	coração branco	143 | branco | coração | coração branco | heart | s2 | white | white heart
💋	0	marca de beijo	beijo | dating | emotion | heart | kiss | kiss mark | kissing | lips | lábios | marca de beijo | mark | romance | sexy
💯	0	cem pontos	100 | TRUE | a+ | agree | cem | cem pontos | certamente | certeza | clearly | conte comigo | definitely | faithful | fleek | full | hundred | hundred points | keep | perfect | point | pontos | score | sem dúvida | top | total | truth | yup
💢	0	símbolo de raiva	anger | anger symbol | angry | com raiva | comic | emoção | engraçado | mad | raiva | symbol | símbolo de raiva | upset
💥	0	colisão	bomb | boom | colisão | collide | collision | comic | emoção | engraçado | explode | explosão | símbolo de colisão
💫	0	zonzo	brilhante | comic | dizzy | emoção | engraçado | estrelas | olhando para as estrelas | shining | shooting | star | stars | zonzo
💦	0	pingos de suor	borrifo | com suor | comic | drip | droplet | droplets | drops | emoção | engraçado | pingos de suor | splash | splashing | squirt | suor | sweat | sweat droplets | water | wet | work | workout
💨	0	rapidez	away | cloud | comic | correr | corrida | dash | dashing | dashing away | emoção | engraçado | fart | fast | fugir | go | gone | gotta | rapidez | running | smoke
🕳️	0	buraco	buraco | buraco no chão | hole
💬	0	balão de diálogo	balloon | balão | balão de conversa | balão de diálogo | bubble | comic | dialog | diálogo | engraçado | message | sms | speech | speech balloon | talk | text | typing
👁️‍🗨️	0	olho no balão de diálogo	balloon | balão de diálogo | bubble | eye | eye in speech bubble | olho | olho no balão de diálogo | speech | testemunha | witness
🗨️	0	balão de diálogo à esquerda	azul | balloon | balão | balão de diálogo à esquerda | bubble | conversa | dialog | diálogo | esquerda | left | left speech bubble | speech
🗯️	0	balão de raiva à direita	anger | angry | balloon | balão | balão de raiva à direita | briga | bubble | conversa | direita | discurso | discussão | diálogo | enérgico | furioso | irado | mad | raiva | right | right anger bubble
💭	0	balão de pensamento	balloon | balão | balão de pensamento | bubble | cartoon | cloud | comic | daydream | decisions | dream | engraçado | idea | ideia | invent | inventando | invention | invenção | pensamento | pensando | realize | think | thought balloon | thoughts | wonder
💤	0	zzz	ZZZ | Zzz | boa noite | cansada | cansado | com sono | comic | dormindo | dormir | emoção | engraçado | good | goodnight | night | roncando | sleep | sleeping | sleepy | sono | tired | zzz
👋	1	mão acenando	acenando | aceno | até mais | bye | cya | está aí? | flw | g2g | greetings | gtg | hand | hello | hey | hi | later | mão | mão acenando | oi | olá | outtie | taí? | tchau | ttfn | ttyl | wave | waving hand | yo | you
🤚	1	dorso da mão levantado	back | backhand | dorso | dorso da mão levantado | hand | levantada | levantado | mão | para tudo | pare | raised | raised back of hand
🖐️	1	mão aberta com os dedos separados	5 | aberta | cinco | dedos | finger | fingers | hand | hand with fingers splayed | mão | mão aberta com os dedos separados | palma | pare | raised | separados | splayed | stop
✋	1	mão levantada	5 | cinco | erguida | five | hand | high | high five | levantada | mão | mão levantada | papel | pare | raised | raised hand | stop | toca aqui
🖖	1	saudação vulcana	Vulcan | dedos | finger | hand | hands | jornada nas estrelas | mão | salute | saudação | saudação star trek | saudação vulcana | spock | star trek | startrek | vulcan salute
🫱	1	mão para a direita	apertar | aperto | direita | hand | handshake | hold | mão | mão para a direita | pegar | reach | right | rightward | rightwards | rightwards hand | segurar | shake
🫲	1	mão para a esquerda	apertar | esquerda | hand | handshake | hold | left | leftward | leftwards | leftwards hand | mão | mão para a esquerda | pegar | reach | segurar | shake
🫳	1	mão com a palma para baixo	cair | derrubar | descartar | dismiss | down | drop | dropped | hand | mão | mão com a palma para baixo | palm | palm down hand | pegar | pick | segurar | shoo | soltar | up | xô
🫴	1	mão com a palma para cima	acenar | beckon | catch | come | hand | hold | know | levantar | lift | me | mão | mão com a palma para cima | oferecer | offer | palm | palm up hand | pegar | segurar | tell | venha
🫷	1	mão empurrando para a esquerda	bate aqui | block | bloquear | empurrar | esperar | esquerda | five | halt | hand | high | high five | hold | leftward | leftwards | leftwards pushing hand | mão | mão empurrando para a esquerda | parar | pausar | pause | push | pushing | recusar | refuse | slap | stop | toca aqui | wait
🫸	1	mão empurrando para a direita	bate aqui | block | bloquear | direita | empurrar | esperar | five | halt | hand | high | high five | hold | mão | mão empurrando para a direita | parar | pausar | pause | push | pushing | recusar | refuse | rightward | rightwards | rightwards pushing hand | slap | stop | toca aqui | wait
👌	1	sinal de ok	OK | OK hand | awesome | beliscar | bet | certo | concordo | dope | fleek | fosho | got | gotcha | hand | legit | mão | ok | okay | pinch | rad | rude | sinal | sinal de ok | sinalizando | sure | sweet | three | ótimo
🤌	1	dedos comprimidos	beliscado | coxinha | dedos | dedos comprimidos | fingers | gesto de mão | gesture | hand | hold | huh | hã | interrogation | interrogação | italiana | itália | maravilha | mão | o quê | patience | pinched | pinched fingers | relax | sarcastic | sarcástico | ugh | what | zip
🤏	1	mão beliscando	amount | beliscar | bit | fingers | hand | little | mão | mão beliscando | pequena quantidade | pequeno | pinching | pinching hand | pouco | pouquinho | small | sort
✌️	1	mão em V de vitória	V de vitória | beleza | hand | mão | mão em V de vitória | paz | peace | sim | v | victory | victory hand | vitória
🤞	1	dedos cruzados	boa sorte | cross | crossed | crossed fingers | cruzados | dedos | dedos cruzados | finger | fingers | hand | luck | mão | sorte | torcendo
🫰	1	mão com dedo indicador e polegar cruzados	<3 | amor | army | caro | coração | crossed | dinheiro | estalar | expensive | finger | hand | hand with index finger and thumb crossed | heart | index | k-pop | kpop | love | money | mão | mão com dedo indicador e polegar cruzados | snap | thumb
🤟	1	gesto de "te amo"	ILY | amor | fingers | gesto | gesto de "te amo" | gesture | hand | love | love-you | love-you gesture | mão | te amo | three | you
🤘	1	saudação do rock	chifres | dedos | finger | hand | horns | metal | mão | rock | rock-on | saudação do rock | sign | sign of the horns
🤙	1	sinal "me liga"	Shaka | call | call me hand | hand | hang | legal | ligar | loose | me | me liga | mão | sinal "me liga"
👈	1	dorso da mão com indicador apontando para a esquerda	backhand | backhand index pointing left | costas | dedo | dorso | dorso da mão com indicador apontando para a esquerda | esquerda | finger | hand | index | indicador | left | mão | point | pointing
👉	1	dorso da mão com indicador apontando para a direita	apontar | backhand | backhand index pointing right | costas | dedo | direita | dorso | dorso da mão com indicador apontando para a direita | finger | hand | index | indicador | mão | point | pointing | right
👆	1	dorso da mão com indicador apontando para cima	backhand | backhand index pointing up | cima | costas | dedo | dedo para cima | dorso | dorso da mão com indicador apontando para cima | finger | hand | index | indicador | mão | point | pointing | up
🖕	1	dedo do meio	dedo | dedo do meio | finger | gesto ofensivo | hand | middle | middle finger | mão
👇	1	dorso da mão com indicador apontando para baixo	abaixo | backhand | backhand index pointing down | costas da mão | dedo | dedo apontado para baixo | dedo indicador | dedo para baixo | dorso da mão com dedo indicador apontando para baixo | dorso da mão com indicador apontando para baixo | down | embaixo | finger | hand | index | point | pointing
☝️	1	indicador apontando para cima	dedo | dedo apontando para cima | eu | finger | hand | index | index pointing up | indicador | indicador apontando para cima | mão | point | pointing | this | up
🫵	1	indicador apontando para o visualizador	apontar | at | aí | cutucar | dedo | finger | hand | index | index pointing at the viewer | indicador | indicador apontando para o visualizador | mão | pointing | poke | tu | viewer | você | you
👍	1	polegar para cima	+1 | beleza | cima | concordo | dedão | good | hand | joia | like | mão | ok | polegar | polegar para cima | sim | sinal | thumb | thumbs up | up | valeu | yes
👎	1	polegar para baixo	-1 | bad | dedão | dedão para baixo | desaprovado | desaprovação | dislike | down | good | hand | mão | no | nope | não | não gostei | para baixo | polegar para baixo | ruim | sinal | thumb | thumbs | thumbs down
✊	1	punho levantado	clenched | fist | hand | pedra | punch | punho | punho erguido | punho levantado | raised | raised fist | solidariedade | solidarity
👊	1	soco	absolutely | agree | beleza | boom | bro | bruh | bump | clenched | correct | fechado | fist | força | hand | knuckle | mão | oncoming | oncoming fist | pound | punch | punho | rock | soco | ttyl | tá ligado
🤛	1	punho esquerdo	esquerdo | fechada | fist | left-facing | left-facing fist | leftwards | mão | punho | punho esquerdo | soco
🤜	1	punho direito	direito | fist | punho | punho direito | right-facing | right-facing fist | rightwards | soco
👏	1	mãos aplaudindo	aplauso | applause | approval | awesome | bom trabalho | clap | clapping hands | congrats | congratulations | excited | good | great | hand | homie | job | mãos | mãos aplaudindo | nice | palmas | parabéns | prayed | sinal | well | yay
🙌	1	mãos para cima	ambas as mãos | celebration | comemoração | gesture | hand | hands | hooray | levantando ambas as mãos para comemorar | mãos para cima | praise | raised | raising | raising hands | viva
🫶	1	mãos de coração	<3 | amei | amo você | amor | coração | hands | heart | heart hands | love | mão | mãos | mãos de coração | te amo | you
👐	1	mãos abertas	abertas | hand | hands | hug | jazz | mão | mãos abertas | open | open hands | sinal | sinal de mãos abertas | swerve
🤲	1	palmas unidas para cima	cima | cupped | devoção | dua | hands | juntas | oração | palmas | palmas unidas para cima | palms | palms up together | pray | prayer | together | unidas | up | wish
🤝	1	aperto de mãos	agreement | aperto | aperto de mãos | combinado | cumprimento | deal | hand | handshake | meeting | mãos | shake
🙏	1	mãos juntas	appreciate | ask | beg | blessed | bow | cmon | five | folded | folded hands | gesto | gesture | hand | high | mão | mãos juntas | please | pray | reza | rezando | rezar | thanks | thx
✍️	1	escrevendo à mão	caneta | escrevendo | escrevendo à mão | hand | mão | write | writing | writing hand
💅	1	esmalte de unha	bored | care | cosmetics | cosméticos | done | esmalte | esmalte de unha | makeup | manicure | mão | nail | nail polish | polish | unhas | whatever
🤳	1	selfie	camera | celular | câmera | foto | phone | selfie | smartphone
💪	1	bíceps	academia | arm | beast | bench | biceps | bodybuilder | bro | bíceps | contraído | curls | engraçado | flex | flexed biceps | forte | gains | gym | jacked | muscle | musculação | músculo | press | ripped | strong | weightlift
🦾	1	braço mecânico	accessibility | acessibilidade | arm | braço mecânico | mechanical | mechanical arm | prosthetic | prótese
🦿	1	perna mecânica	accessibility | acessibilidade | leg | mechanical | mechanical leg | perna mecânica | prosthetic | prótese
🦵	1	perna	bent | chute | foot | joelho | kick | knee | leg | limb | membro | perna | perna dobrada | pé
🦶	1	pé	ankle | calcanhar | chutar | chute | feet | foot | kick | pisar | pisão | pé | stomp | tornozelo
👂	1	orelha	body | corpo | ear | ears | escutar | hear | hearing | listen | listening | orelha | ouvido | sound
🦻	1	ouvido com aparelho auditivo	accessibility | acessibilidade | aid | aparelho auditivo | deficiência auditiva | ear | ear with hearing aid | hard | hearing | ouvido com aparelho auditivo | surda | surdo
👃	1	nariz	body | cheirar | cheiro | corpo | nariz | nose | noses | nosey | odor | rosto | smell | smells
🧠	1	cérebro	brain | cérebro | inteligente | inteligência | intelligent | smart
🫀	1	coração humano	anatomia | anatomical | anatomical heart | batimento | batimento cardíaco | beat | cardiologia | cardiology | centro | coração | coração humano | coração vermelho | heart | heartbeat | organ | pulsação | pulse | pulso | real | red | s2 | órgão
🫁	1	pulmões	anatomia | breath | breathe | espiração | exalação | exhalation | inalação | inhalation | lung | lungs | organ | pulmão | pulmões | respiration | respiração | órgão
🦷	1	dente	branco | dente | dentist | dentista | pearly | teeth | tooth | white
🦴	1	osso	bone | bones | cachorro | dog | esqueleto | osso | skeleton | wishbone
👀	1	olhos	body | eye | eyes | face | googly | look | looking | olhando | olho | olhos | omg | peep | rosto | see | seeing | tô de olho
👁️	1	olho	1 | body | eye | olho | one | parte do corpo | rosto
👅	1	língua	body | corpo | lick | língua | rosto | slurp | tongue
👄	1	boca	batom | beauty | beijo | boca | body | corpo | kiss | kissing | lips | lipstick | lábios | mouth | rosto
🫦	1	mordendo o lábio	ansioso | anxious | batom | beijo | bite | biting | biting lip | fear | flertar | flirt | flirting | kiss | lip | lipstick | lábios | medo | mordendo o lábio | mordida | nervoso | nervous | preocupação | sedução | sexy | uncomfortable | vontade | worried | worry
👶	1	bebê	babies | baby | bebezinho | bebê | children | goo | grávida | infant | neném | newborn | pessoas | pregnant | recém-nascido | young
🧒	1	criança	bright-eyed | child | criança | filho | grandchild | jovem | kid | neto | pequeno | young | younger
👦	1	menino	boy | bright-eyed | child | garoto | grandson | guri | jovem | kid | loiro | menino | pessoas | piá | son | young | younger
👧	1	menina	Virgo | bright-eyed | child | daughter | filha | garota | girl | granddaughter | kid | menina | menininha | neta | pessoas | young | younger | zodiac
🧑	1	pessoa	adult | adulta | adulto | person | pessoa
👱	1	pessoa: cabelo louro	blond | blond-haired | cabelo | human | loiro | louro | person | person: blond hair | pessoa | pessoa loira | pessoa loura | pessoa: cabelo louro | rosto
👨	1	homem	adult | adulto | amigo | bro | homem | irmão | man | marido | namorado
🧔	1	homem: barba	barba | barbudo | beard | bearded | homem | homem: barba | person | person: beard | pessoa | whiskers
🧔‍♂️	1	homem: barbudo	barba | beard | bearded | homem | homem: barba | homem: barbudo | man | man: beard | whiskers
🧔‍♀️	1	mulher: barba	barba | beard | bearded | mulher | mulher: barba | whiskers | woman | woman: beard
👨‍🦰	1	man: red hair	man: red hair
👨‍🦱	1	man: curly hair	man: curly hair
👨‍🦳	1	man: white hair	man: white hair
👨‍🦲	1	man: bald	man: bald
👩	1	mulher	adult | adulta | garota | guria | lady | loira | menina | mina | mulher | woman
👩‍🦰	1	woman: red hair	woman: red hair
🧑‍🦰	1	person: red hair	person: red hair
👩‍🦱	1	woman: curly hair	woman: curly hair
🧑‍🦱	1	person: curly hair	person: curly hair
👩‍🦳	1	woman: white hair	woman: white hair
🧑‍🦳	1	person: white hair	person: white hair
👩‍🦲	1	woman: bald	woman: bald
🧑‍🦲	1	person: bald	person: bald
👱‍♀️	1	mulher: cabelo loiro	blond | blond-haired | blonde | garota | guria | hair | loira | loura | menina | mulher | mulher: cabelo loiro | woman | woman: blond hair
👱‍♂️	1	homem: cabelo loiro	blond | blond-haired | cabelo | hair | homem | homem: cabelo loiro | loiro | louro | man | man: blond hair
🧓	1	idoso	adult | adulto | avô | elderly | grandparent | idoso | old | older person | person | sábio | velho | vovó | wise
👴	1	homem idoso	adult | adulto | avô | bald | careca | elderly | gramps | grandfather | grandpa | homem | homem idoso | idoso | man | old | old man | pessoas | vovô | wise
👵	1	idosa	adult | adulta | elderly | grandma | grandmother | granny | idosa | lady | mulher | old | old woman | pessoas | velhinha | vovozinha | vovó | wise | woman
🙍	1	franzindo a sobrancelha	annoyed | brava | bravo | chateada | chateado | disappointed | disgruntled | disturbed | franzindo a sobrancelha | franzindo a testa | frown | frowning | frustrated | gesto | gesture | irritated | person | person frowning | pessoa | pessoa franzindo a sobrancelha | triste | upset
🙍‍♂️	1	homem franzindo a sobrancelha	annoyed | carrancudo | chateado | desconfiado | disappointed | disgruntled | disturbed | frown | frowning | frustrated | gesto | gesture | homem | homem franzindo a sobrancelha | irritated | magoado | man | man frowning | menino | upset
🙍‍♀️	1	mulher franzindo a sobrancelha	annoyed | carrancuda | desconfiada | disappointed | disgruntled | disturbed | frown | frowning | frustrated | gesture | irritated | mulher | mulher franzindo a sobrancelha | upset | woman | woman frowning
🙎	1	pessoa fazendo bico	beicinho | beiço | careta | chateada | chateado | disappointed | downtrodden | emburrada | emburrado | fazendo bico | frown | gesto | grimace | person | person pouting | pessoa | pessoa fazendo bico | pouting | scowl | sulk | upset | whine
🙎‍♂️	1	homem fazendo bico	apontando | bico | cara feia | disappointed | downtrodden | frown | gesto | grimace | homem | homem fazendo bico | homen apontando | man | man pouting | pouting | scowl | sulk | upset | whine
🙎‍♀️	1	mulher fazendo bico	bico | cara feia | disappointed | downtrodden | frown | grimace | mulher | mulher fazendo bico | pouting | scowl | sulk | upset | whine | woman | woman pouting
🙅	1	pessoa fazendo gesto de “não”	NO | de jeito nenhum | forbidden | gesto | gesture | hand | mão | not | não | person | person gesturing NO | pessoa fazendo gesto de “não” | prohibit | proibido | sem chance
🙅‍♂️	1	homem fazendo gesto de “não”	NO | forbidden | gesto | gesture | hand | homem | homem fazendo gesto de “não” | man | man gesturing NO | menino | mão | not | não | prohibit | proibido | proibir
🙅‍♀️	1	mulher fazendo gesto de “não”	NO | forbidden | gesto | gesture | hand | mulher | mulher fazendo gesto de “não” | mão | not | prohibit | proibido | woman | woman gesturing NO
🙆	1	pessoa fazendo gesto de “OK”	OK | exercise | exercício | gesto | gesto para OK | gesture | gesturing | hand | mão | mãos para cima | omg | person | person gesturing OK | pessoa | pessoa fazendo gesto de “OK”
🙆‍♂️	1	homem fazendo gesto de “OK”	OK | cabeça | exercise | exercício | gesto | gesture | gesturing | hand | homem | homem fazendo gesto de “OK” | man | man gesturing OK | menino | mão | nossa | ok | omg
🙆‍♀️	1	mulher fazendo gesto de “OK”	OK | exercise | gesto | gesture | gesturing | hand | mulher | mulher fazendo gesto de “OK” | mão | omg | woman | woman gesturing OK
💁	1	pessoa com a palma virada para cima	ajuda | diva | divo | fala sério | fetch | flick | flip | fofoca | gossip | hand | informações | jogada de cabelo | mão | person | person tipping hand | pessoa | pessoa com a mão virada para cima | pessoa com a palma virada para cima | sarcasm | sarcasmo | sarcastic | sassy | seriously | tipping | whatever
💁‍♂️	1	homem com a palma virada para cima	ajuda | fetch | flick | flip | fofoca | garoto | gorjeta | gossip | guri | hand | homem | homem com a palma virada para cima | man | man tipping hand | menino | sarcasm | sarcasmo | sarcastic | sarcástico | sassy | seriously | tipping | whatever
💁‍♀️	1	mulher com a palma virada para cima	fetch | flick | flip | gossip | hand | mulher | mulher com a palma virada para cima | sarcasm | sarcastic | sassy | seriously | tipping | whatever | woman | woman tipping hand
🙋	1	pessoa levantando a mão	dúvida | eu | eu sei | feliz | gesto | gesture | hand | here | know | levantando a mão | levantar a mão | me | mão | person | person raising hand | pessoa | pessoa levantando a mão | pick | question | raise | raising
🙋‍♂️	1	homem levantando a mão	eu | eu sei | gesto | gesture | hand | here | homem | homem levantando a mão | know | levantando a mão | man | man raising hand | me | menino | mão | pedir a palavra | pergunta | pick | question | raise | raising | voluntário
🙋‍♀️	1	mulher levantando a mão	gesto | gesture | hand | here | know | me | mulher | mulher levantando a mão | mão | pedir a palavra | pick | question | raise | raising | woman | woman raising hand
🧏	1	pessoa surda	accessibility | acessibilidade | audição | deaf | deaf person | ear | gesture | hear | orelha | person | pessoa surda | surda | surdo | surdos
🧏‍♂️	1	homem surdo	accessibility | deaf | deaf man | ear | gesture | hear | homem | homem surdo | man | surdo
🧏‍♀️	1	mulher surda	accessibility | deaf | deaf woman | ear | gesture | hear | mulher | mulher surda | surda | woman
🙇	1	pessoa fazendo reverência	apology | arrependimento | ask | beg | bow | bowing | desculpa | desculpe | favor | forgive | gesto | gesture | meditate | meditation | meditação | perdão | person | person bowing | pessoa | pessoa fazendo reverência | pity | regret | reverência | reverência respeitosa | sorry
🙇‍♂️	1	homem fazendo reverência	apology | ask | beg | bow | bowing | desculpas | favor | forgive | gesto | gesture | homem | homem fazendo reverência | homem pedindo desculpas | man | man bowing | meditate | meditation | pity | regret | respeito | reverência | sorry
🙇‍♀️	1	mulher fazendo reverência	apology | ask | beg | bow | bowing | desculpas | desculpe | favor | forgive | gesto | gesture | meditar | meditate | meditation | meditação | mulher | mulher fazendo reverência | mulher pedindo desculpas | pity | regret | respeito | reverência | sorry | woman | woman bowing
🤦	1	pessoa decepcionada	again | bewilder | como assim | decepcionada | decepcionado | decepção | desapontamento | descrença | disbelief | exasperation | facepalm | inacreditável | meu deus | no | not | não acredito | não é possível | oh | omg | person | person facepalming | pessoa | pessoa dececionada | pessoa decepcionada | shock | smh
🤦‍♂️	1	homem decepcionado	again | bewilder | como assim | decepcionado | decepção | desapontamento | disbelief | exasperation | facepalm | homem | homem decepcionado | inacreditável | man | man facepalming | meu deus | no | not | não acredito | não é possível | oh | omg | shock | smh
🤦‍♀️	1	mulher decepcionada	again | bewilder | como assim | decepcionada | decepção | desapontamento | disbelief | exasperation | facepalm | inacreditável | meu deus | mulher | mulher decepcionada | no | not | não acredito | não é possível | oh | omg | shock | smh | woman | woman facepalming
🤷	1	pessoa dando de ombros	dar de ombros | doubt | dunno | dúvida | guess | idk | ignorance | ignorância | indiferença | indifference | knows | maybe | não sei | ombros | person | person shrugging | pessoa | pessoa dando de ombros | quem sabe | sei lá | shrug | shrugging | tanto faz | whatever | who
🤷‍♂️	1	homem dando de ombros	dar de ombros | doubt | dunno | dúvida | guess | homem | homem dando de ombros | idk | ignorance | indiferença | indifference | knows | man | man shrugging | maybe | menino | não sei | quem sabe | sei lá | shrug | shrugging | tanto faz | whatever | who
🤷‍♀️	1	mulher dando de ombros	dar de ombros | doubt | dunno | dúvida | garota | guess | idk | ignorance | indiferença | indifference | knows | maybe | menina | mulher | mulher dando de ombros | não sei | quem sabe | sei lá | shrug | shrugging | tanto faz | whatever | who | woman | woman shrugging
🧑‍⚕️	1	profissional de saúde	cuidados de saúde | doctor | enfermeira | health | health worker | healthcare | médico | nurse | profissional de saúde | terapeuta | therapist | worker
👨‍⚕️	1	homem profissional da saúde	doctor | doutor | enfermeiro | health | healthcare | homem | homem profissional da saúde | man | man health worker | médico | nurse | saúde | terapeuta | therapist | worker
👩‍⚕️	1	mulher profissional da saúde	doctor | doutora | enfermeira | garota | guria | health | healthcare | menina | mulher | mulher profissional da saúde | médica | nurse | saúde | terapeuta | therapist | woman | woman health worker | worker
🧑‍🎓	1	aluno	aluno | estudante | graduando | graduate | student
👨‍🎓	1	estudante	aluno | colando grau | estudante | formando | graduate | graduação | homem | man | man student | student
👩‍🎓	1	aluna	aluna | estudante | formanda | graduate | mulher | student | woman | woman student
🧑‍🏫	1	professora na escola	instructor | instrutora | lecturer | professor | professora | professora na escola | teacher
👨‍🏫	1	professor	educador | homem | instructor | instrutor | lecturer | man | man teacher | mestre | professor | teacher
👩‍🏫	1	professora	instructor | instrutora | lecturer | mestra | mulher | professor | professora | teacher | woman | woman teacher
🧑‍⚖️	1	juiz no tribunal	balança | judge | juiz | juiz no tribunal | justice | law | scales
👨‍⚖️	1	juiz	balança | homem | judge | juiz | justice | justiça | juíz | law | man | man judge | scales
👩‍⚖️	1	juíza	balança | judge | justice | justiça | juíza | law | mulher | scales | woman | woman judge
🧑‍🌾	1	agricultor	agricultor | farmer | gardener | jardineiro | rancheiro | rancher
👨‍🌾	1	fazendeiro	agricultor | farmer | fazendeiro | gardener | homem | jardineiro | man | man farmer | rancher
👩‍🌾	1	fazendeira	agricultora | farmer | fazendeira | gardener | jardineira | mulher | rancher | woman | woman farmer
🧑‍🍳	1	chef de cozinha	chef | chef de cozinha | cook | cozinheiro
👨‍🍳	1	cozinheiro	chef | cook | cozinheiro | homem | man | man cook | restaurante
👩‍🍳	1	cozinheira	chef | cook | cozinheira | mulher | woman | woman cook
🧑‍🔧	1	mecânico trabalhando	electrician | eletricista | encanador | mechanic | mecânico | mecânico trabalhando | plumber | prestador de serviço | tradesperson
👨‍🔧	1	mecânico	electrician | eletricista | encanador | homem | man | man mechanic | mechanic | mecânico | plumber | prestador de serviços | tradesperson
👩‍🔧	1	mecânica	electrician | eletricista | encanadora | mechanic | mecânica | mulher | plumber | prestadora de serviços | tradesperson | woman | woman mechanic
🧑‍🏭	1	funcionário de fábrica	assembly | factory | factory worker | funcionário de fábrica | fábrica | industrial | montagem | trabalhador | worker
👨‍🏭	1	operário	assembly | factory | fábrica | homem | industrial | indústria | man | man factory worker | metalúrgico | operário | trabalhador | worker
👩‍🏭	1	operária	assembly | factory | fábrica | industrial | indústria | mulher | operária | trabalhadora | woman | woman factory worker | worker
🧑‍💼	1	trabalhador de escritório	architect | arquiteto | business | colarinho branco | gerente | manager | negócios | office | office worker | trabalhador de escritório | white-collar | worker
👨‍💼	1	funcionário de escritório	architect | arquiteto | business | colarinho branco | empresário | escritório | funcionário de escritório | gerente | homem | man | man office worker | manager | office | white-collar | worker
👩‍💼	1	funcionária de escritório	architect | arquiteta | branco | business | colarinho | empresária | escritório | funcionária | funcionária de escritório | gerente | manager | mulher | office | white-collar | woman | woman office worker | worker
🧑‍🔬	1	cientista	biologist | biólogo | chemist | cientista | engenheiro | engineer | físico | mathematician | physicist | químico | scientist
👨‍🔬	1	cientista homem	biologist | biólogo | chemist | cientista homem | engineer | físico | homem | man | man scientist | mathematician | physicist | professor | químico | scientist
👩‍🔬	1	cientista mulher	biologist | bióloga | chemist | cientista | cientista mulher | engineer | física | mathematician | mulher | physicist | professora | química | scientist | woman | woman scientist
🧑‍💻	1	programador	coder | computer | desenvolvedor | developer | inventor | programador | software | technologist | tecnólogo
👨‍💻	1	tecnólogo	coder | codificador | computador | computer | criador | desenvolvedor | developer | homem | inventor | man | man technologist | programador | software | technologist | tecnólogo
👩‍💻	1	tecnóloga	coder | codificadora | computador | computer | criadora | desenvolvedora | developer | inventor | inventora | mulher | programadora | software | technologist | tecnóloga | woman | woman technologist
🧑‍🎤	1	cantor	actor | ator | cantor | entertainer | entretenimento | estrela | rock | rockstar | singer | star
👨‍🎤	1	cantor homem	actor | artista | ator | cantor | cantor homem | entertainer | homem | man | man singer | pop | rock | rockstar | singer | star
👩‍🎤	1	cantora	actor | artista | atriz | cantora | entertainer | mulher | pop | rock | rockstar | singer | star | woman | woman singer
🧑‍🎨	1	artista	artist | artista | paleta | palette
👨‍🎨	1	artista plástico	artist | artista | artista plástico | homem | man | man artist | palette | pintor | pintura | plástico | quadros
👩‍🎨	1	artista plástica	artist | artista | artista plástica | mulher | palette | pintura | woman | woman artist
🧑‍✈️	1	piloto	avião | pilot | piloto | plane
👨‍✈️	1	piloto de avião homem	avião | homem | man | man pilot | pilot | piloto | piloto de avião homem | plane
👩‍✈️	1	piloto de avião mulher	avião | garota | guria | mulher | pilot | piloto | piloto de avião mulher | plane | voando | woman | woman pilot
🧑‍🚀	1	astronauta	astronaut | astronauta | foguete | rocket | space
👨‍🚀	1	astronauta homem	astronaut | astronauta homem | espaço | foguete | homem | man | man astronaut | rocket | space
👩‍🚀	1	astronauta mulher	astronaut | astronauta | astronauta mulher | espaço | foguete | mulher | rocket | space | woman | woman astronaut
🧑‍🚒	1	bombeiro	bombeiro | caminhão de bombeiros | fire | firefighter | firetruck
👨‍🚒	1	bombeiro homem	bombeiro | bombeiro homem | caminhão | corpo de bombeiros | fire | firefighter | firetruck | fogo | homem | incêndio | man | man firefighter
👩‍🚒	1	bombeira	bombeira | caminhão | corpo de bombeiros | fire | firefighter | firetruck | fogo | incêndio | mulher | woman | woman firefighter
👮	1	policial	apprehend | arrest | autoridade | citation | cop | law | multar | officer | over | pessoa | police | police officer | policial | polícia | prender | pulled | undercover
👮‍♂️	1	policial homem	apprehend | arrest | citation | cop | homem | law | man | man police officer | officer | over | police | policial | policial homem | polícia | pulled | tira | undercover
👮‍♀️	1	policial mulher	apprehend | arrest | autoridade | citation | cop | law | mulher | multar | officer | over | police | policial | policial mulher | polícia | prender | pulled | tira | undercover | woman | woman police officer
🕵️	1	detetive	detective | detetive | espião | investigador | rosto | rosto com lupa | sleuth | spy
🕵️‍♂️	1	detetive homem	detective | detetive homem | espião | homem | investigador | man | man detective | sleuth | spy
🕵️‍♀️	1	detetive mulher	detective | detetive | detetive mulher | espionar | espiã | investigadora | investigar | mulher | sleuth | spy | woman | woman detective
💂	1	guarda	buckingham | guard | guarda | helmet | london | londres | palace | palácio | pessoas | segurança
💂‍♂️	1	guarda homem	buckingham | guard | guarda | guarda homem | helmet | homem | london | man | man guard | palace | segurança
💂‍♀️	1	guarda mulher	Londres | buckingham | guard | guarda | guarda mulher | helmet | london | mulher | palace | palacio | realeza | segurança | woman | woman guard
🥷	1	ninja	assassin | assassino | fight | fighter | furtividade | guerra | habilidades | hidden | luta | lutador | ninja | oculto | person | pessoa | secret | skills | sly | soldado | soldier | stealth | war
👷	1	trabalhador de construção civil	build | capacete | chapéu | construction | construction worker | construir | construção | construção civil | fix | hardhat | hat | man | person | pessoa | rebuild | remodel | repair | trabalhador | trabalhador de construção civil | work | worker
👷‍♂️	1	pedreiro	build | construction | construção | fix | hardhat | hat | homem | man | man construction worker | operário | pedreiro | rebuild | remodel | repair | work | worker
👷‍♀️	1	pedreira	build | capacete | construction | construção | contrução | fix | hardhat | hat | man | mulher | operária | operário | pedreira | pedreiro | rebuild | remodel | repair | woman | woman construction worker | work | worker
🫅	1	pessoa com coroa	coroa | crown | monarca | monarch | noble | nobre | person | person with crown | pessoa | pessoa com coroa | princesa | príncipe | rainha | real | realeza | regal | rei | reino | royal | royalty
🤴	1	príncipe	Realeza | crown | fairy | fairytale | fantasy | king | prince | príncipe | rei | royal | royalty | tale
👸	1	princesa	conto | coroa | crown | fadas | fairy | fairytale | fantasia | fantasy | loira | menina | mulher | pessoas | princesa | princess | queen | rainha | royal | royalty | tale
👳	1	pessoa com turbante	person | person wearing turban | pessoa | pessoa com turbante | turban | turbante | wearing
👳‍♂️	1	homem com turbante	homem | homem com turbante | man | man wearing turban | turban | turbante | wearing
👳‍♀️	1	mulher com turbante	mulher | mulher com turbante | turban | turbante | wearing | woman | woman wearing turban
👲	1	homem de boné	Chinese | cap | chapéu chinês | gua | gua pi mao | guapi | guapimao | hat | homem com gua pi mao | homem de boné | mao | person | person with skullcap | pessoas | pi | skullcap
🧕	1	mulher com véu	bandana | cabeça | head | headscarf | hijab | kerchief | lenço | mantilla | mulher | mulher com véu | tichel | woman | woman with headscarf
🤵	1	pessoa de smoking	festa | formal | gala | homem | homem de smoking | noivo | person | person in tuxedo | pessoa de smoking | smoking | tuxedo | wedding
🤵‍♂️	1	homem de smoking	formal | groom | homem | homem de smoking | man | man in tuxedo | smoking | tuxedo | wedding
🤵‍♀️	1	mulher de smoking	formal | mulher | mulher de smoking | smoking | tuxedo | wedding | woman | woman in tuxedo
👰	1	pessoa com véu	casamento | noiva | noiva com véu | person | person with veil | pessoa com véu | pessoas | veil | véu | véu de noiva | wedding
👰‍♂️	1	noivo com véu	man | man with veil | noivo | noivo com véu | veil | véu | wedding
👰‍♀️	1	noiva com véu	bride | noiva | noiva com véu | veil | véu | wedding | woman | woman with veil
🤰	1	grávida	estou grávida | gravidez | grávida | mulher | pregnant | pregnant woman | woman
🫃	1	homem grávido	barriga | belly | bloated | cheia | cheio | comi demais | excesso de peso | full | gravidez | grávido | homem | homem grávido | inchado | man | overeat | pessoa | pregnant | pregnant man
🫄	1	pessoa grávida	barriga | belly | bloated | cheia | cheio | comi demais | excesso | excesso de peso | full | gravidez | grávida | inchada | overeat | person | pessoa | pessoa grávida | pregnant | pregnant person | stuffed
🤱	1	amamentando	amamentando | amamentação | baby | bebê | breast | breast-feeding | feeding | leite | materno | mom | mother | mãe | neném | nursing | woman
👩‍🍼	1	mulher alimentando bebê	alimentando | amamentando | amamentação | amor | baby | bebê | feed | feeding | mamãe | mom | mother | mulher | mulher alimentando bebê | mãe | nanny | nascido | neném | newborn | nursing | pessoa | recém | recém-nascido | woman | woman feeding baby
👨‍🍼	1	homem alimentando bebê	alimentando | amamentando | amamentação | amor | baby | bebê | dad | father | feed | feeding | homem | homem alimentando bebê | man | man feeding baby | nanny | neném | newborn | nursing | pai | papai | pessoa | recém nascido | recém-nascido
🧑‍🍼	1	pessoa alimentando bebê	alimentando | amamentar | amamentação | baby | bebê | feed | feeding | homem | mulher | mãe | nanny | neném | newborn | nursing | pai | parent | person feeding baby | pessoa | pessoa alimentando bebê | recém-nascido
👼	1	bebê anjo	angel | anjo | baby | baby angel | bebê | bebê anjo | church | conto | face | fadas | fairy | fairytale | fantasy | rosto | tale
🎅	1	Papai Noel	Christmas | Papai Noel | Santa Claus | celebration | claus | comemoração | fairy | fantasy | father | festas | holiday | merry | natal | noel | papai | santa | tale | xmas
🤶	1	Mamãe Noel	Christmas | Mamãe Noel | Mrs | Mrs. Claus | Natal | celebration | claus | comemoração | fairy | fantasy | holiday | mamãe | merry | mother | noel | santa | tale | vovó | xmas
🧑‍🎄	1	noel	Christmas | Mx | Mx Claus | Noel | celebration | chapéu | claus | fairy | fantasy | feliz | festas | gorro | holiday | mamãe | merry | natal | noel | pessoa | santa | tale | xmas
🦸	1	super-herói	bem | boa | bom | good | hero | heroína | herói | super-herói | super-homem | superhero | superman | superpoder | superpower
🦸‍♂️	1	homem super-herói	bom | good | hero | herói | homem | homem super-herói | man | man superhero | superhero | superpoder | superpower
🦸‍♀️	1	super-heroína	boa | good | hero | heroine | heroína | herói | mulher | super-heroína | superhero | superpoder | superpower | woman | woman superhero
🦹	1	supervilão	bad | bandido | criminal | criminoso | evil | mal | malvado | mau | superpoder | superpower | supervillain | supervilão | villain | vilão
🦹‍♂️	1	homem supervilão	bad | criminal | criminoso | evil | homem | homem supervilão | mal | man | man supervillain | superpoder | superpower | supervillain | villain | vilão
🦹‍♀️	1	supervilã	bad | criminal | criminosa | evil | mulher | má | superpoder | superpower | supervillain | supervilã | villain | vilã | woman | woman supervillain
🧙	1	mago	bruxa | fantasia | fantasy | feiticeira | feiticeiro | feitiço | maga | mage | magia | magic | mago | play | rpg | sorcerer | sorceress | sorcery | spell | summon | witch | wizard
🧙‍♂️	1	homem mago	fantasy | feiticeiro | homem mago | mage | magic | mago | man | man mage | play | sorcerer | sorceress | sorcery | spell | summon | witch | wizard
🧙‍♀️	1	maga	bruxa | fantasy | feiticeira | maga | mage | magic | play | sorcerer | sorceress | sorcery | spell | summon | witch | wizard | woman | woman mage
🧚	1	fada	asas | conto | encantado | fada | fairy | fairytale | fantasia | fantasy | myth | person | pixie | ser | tale | wings
🧚‍♂️	1	homem fada	Oberon | Puck | fada | fairy | fairytale | fantasy | homem fada | man | man fairy | myth | person | pixie | tale | wings
🧚‍♀️	1	mulher fada	Titania | fada | fairy | fairytale | fantasy | mulher fada | myth | person | pixie | tale | wings | woman | woman fairy
🧛	1	vampiro	Dracula | assustador | blood | bruxas | dia | drácula | fangs | fantasia | halloween | monstro | sangue | scary | supernatural | teeth | terror | undead | vampire | vampiro
🧛‍♂️	1	homem vampiro	Drácula | blood | fangs | halloween | homem vampiro | man | man vampire | scary | supernatural | teeth | undead | vampire | vampiro
🧛‍♀️	1	mulher vampira	blood | fangs | halloween | mulher vampira | scary | supernatural | teeth | undead | vampira | vampire | woman | woman vampire
🧜	1	pessoa sereia	canto | cauda | contos | creature | criatura | fada | fairytale | folklore | fundo | mar | merperson | ocean | oceano | pessoa sereia | sea | ser encantado | sereia | siren | sirene | trident | tridente
🧜‍♂️	1	sereio	Neptune | Poseidon | Triton | Tritão | creature | fairytale | folklore | merman | ocean | sea | sereio | siren | trident
🧜‍♀️	1	sereia	creature | fairytale | folklore | mermaid | merwoman | ocean | sea | sereia | siren | trident
🧝	1	elfo	duende | elf | elfo | elves | enchantment | fantasia | fantasy | folklore | légolas | magia | magic | magical | myth | mágico | místico | rpg | ser encantado
🧝‍♂️	1	elfo homem	duende homem | elf | elfo | elfo homem | elves | enchantment | fantasy | folklore | magic | magical | man | man elf | myth
🧝‍♀️	1	elfa	duende mulher | elf | elfa | elves | enchantment | fantasy | folklore | magic | magical | myth | woman | woman elf
🧞	1	gênio	desejos | djinn | fantasia | fantasy | genie | gênio | jinn | lamp | lâmpada | myth | mágica | místico | rub | wishes
🧞‍♂️	1	homem gênio	djinn | fantasy | genie | homem gênio | jinn | lamp | man | man genie | myth | rub | wishes
🧞‍♀️	1	mulher gênio	djinn | fantasy | genie | jinn | lamp | mulher gênio | myth | rub | wishes | woman | woman genie
🧟	1	zumbi	apocalipse | apocalypse | assustador | bruxas | dead | dia | halloween | horror | morto-vivo | scary | terror | undead | walking | zombie | zumbi
🧟‍♂️	1	homem zumbi	apocalypse | cazumbi | dead | halloween | homem zumbi | horror | man | man zombie | scary | undead | walking | zombie
🧟‍♀️	1	mulher zumbi	apocalypse | cazumbi | dead | halloween | horror | mulher zumbi | scary | undead | walking | woman | woman zombie | zombie
🧌	1	troll	conto | fadas | fairy | fantasia | fantasy | gigante | monster | monstro | ogro | tale | troll | trolling
💆	1	pessoa recebendo massagem facial	dor de cabeça | face | getting | headache | massage | massagem | massagem facial | pele | person | person getting massage | pessoa recebendo massagem facial | relax | relaxar | relaxing | rosto | salon | soothe | spa | tension | tensão | therapy | treatment
💆‍♂️	1	homem recebendo massagem facial	acalmar | dor de cabeça | face | getting | headache | homem | homem recebendo massagem facial | man | man getting massage | massage | massagem | menino | relax | relaxamento | relaxar | relaxing | rosto | salon | salão | soothe | spa | tension | tenso | tensão | therapy | treatment
💆‍♀️	1	mulher recebendo massagem facial	face | getting | headache | massage | massagem | mulher | mulher recebendo massagem facial | relax | relaxamento | relaxing | salon | soothe | spa | tension | therapy | treatment | woman | woman getting massage
💇	1	pessoa cortando o cabelo	barber | beauty | beleza | chop | cortando o cabelo | corte de cabelo | cosmetology | cut | groom | hair | haircut | parlor | person | person getting haircut | pessoa | pessoa cortando o cabelo | salão | salão de beleza | shears | style
💇‍♂️	1	homem cortando o cabelo	barbeiro | barber | beauty | beleza | cabelo | chop | corte | cosmetology | cut | groom | hair | haircut | homem | homem cortando o cabelo | man | man getting haircut | menino | parlor | person | salão | shears | style
💇‍♀️	1	mulher cortando o cabelo	barber | beauty | chop | corte de cabelo | cosmetology | cut | groom | hair | haircut | mulher | mulher cortando o cabelo | parlor | person | salão de beleza | shears | style | woman | woman getting haircut
🚶	1	pessoa andando	amble | andar | caminhada | caminhar | gait | hike | man | pace | passo | pedestre | pedestrian | perambulando | person | person walking | pessoa | pessoa andando | stride | stroll | walk | walking
🚶‍♂️	1	homem andando	amble | andar | caminhar | gait | hike | homem andando | homem caminhando | man | man walking | pace | pedestrian | stride | stroll | walk | walking
🚶‍♀️	1	mulher andando	amble | andando | andar | caminhada | caminhando | caminhar | gait | hike | man | mulher | mulher andando | pace | passeio | pedestre | pedestrian | perambulando | stride | stroll | walk | walking | woman | woman walking
🚶‍➡️	1	person walking facing right	person walking facing right
🚶‍♀️‍➡️	1	woman walking facing right	woman walking facing right
🚶‍♂️‍➡️	1	man walking facing right	man walking facing right
🧍	1	pessoa em pé	de pé | person | person standing | pessoa em pé | stand | standing
🧍‍♂️	1	homem em pé	em pé | homem | homem em pé | man | man standing | stand | standing
🧍‍♀️	1	mulher em pé	em pé | mulher | mulher em pé | stand | standing | woman | woman standing
🧎	1	pessoa ajoelhando	ajoelhado | ajoelhar | joelhos | kneel | kneeling | knees | pedir | person | person kneeling | pessoa | pessoa ajoelhando | por favor
🧎‍♂️	1	homem ajoelhando	ajoelhado | homem | homem ajoelhando | kneel | kneeling | knees | man | man kneeling
🧎‍♀️	1	mulher ajoelhando	ajoelhada | kneel | kneeling | knees | mulher | mulher ajoelhando | woman | woman kneeling
🧎‍➡️	1	person kneeling facing right	person kneeling facing right
🧎‍♀️‍➡️	1	woman kneeling facing right	woman kneeling facing right
🧎‍♂️‍➡️	1	man kneeling facing right	man kneeling facing right
🧑‍🦯	1	pessoa com bengala para cego	accessibility | acessibilidade | blind | cane | cego | person | person with white cane | pessoa com bengala para cego | probing | white
🧑‍🦯‍➡️	1	person with white cane facing right	person with white cane facing right
👨‍🦯	1	homem com bengala para cego	accessibilidade | accessibility | blind | cane | cego | homem | homem com bengala para cego | man | man with white cane | probing | white
👨‍🦯‍➡️	1	man with white cane facing right	man with white cane facing right
👩‍🦯	1	mulher com bengala para cego	accessibilidade | accessibility | blind | cane | cega | deficiência visual | mulher | mulher com bengala para cego | probing | white | woman | woman with white cane
👩‍🦯‍➡️	1	woman with white cane facing right	woman with white cane facing right
🧑‍🦼	1	pessoa em cadeira de rodas motorizada	accessibility | acessibilidade | cadeira de rodas | motorized | person | person in motorized wheelchair | pessoa em cadeira de rodas motorizada | wheelchair
🧑‍🦼‍➡️	1	person in motorized wheelchair facing right	person in motorized wheelchair facing right
👨‍🦼	1	homem em cadeira de rodas motorizada	accessibility | acessibilidade | cadeira de rodas | homem | homem em cadeira de rodas motorizada | man | man in motorized wheelchair | motorized | wheelchair
👨‍🦼‍➡️	1	man in motorized wheelchair facing right	man in motorized wheelchair facing right
👩‍🦼	1	mulher em cadeira de rodas motorizada	accessibility | acessibilidade | cadeira de rodas | motorized | mulher | mulher em cadeira de rodas motorizada | wheelchair | woman | woman in motorized wheelchair
👩‍🦼‍➡️	1	woman in motorized wheelchair facing right	woman in motorized wheelchair facing right
🧑‍🦽	1	pessoa em cadeira de rodas manual	accessibility | acessibilidade | cadeira de rodas | manual | person | person in manual wheelchair | pessoa em cadeira de rodas manual | wheelchair
🧑‍🦽‍➡️	1	person in manual wheelchair facing right	person in manual wheelchair facing right
👨‍🦽	1	homem em cadeira de rodas manual	accessibility | acessibilidade | cadeira de rodas | homem | homem em cadeira de rodas manual | man | man in manual wheelchair | manual | wheelchair
👨‍🦽‍➡️	1	man in manual wheelchair facing right	man in manual wheelchair facing right
👩‍🦽	1	mulher em cadeira de rodas manual	accessibility | acessibilidade | cadeira de rodas | manual | mulher | mulher em cadeira de rodas manual | wheelchair | woman | woman in manual wheelchair
👩‍🦽‍➡️	1	woman in manual wheelchair facing right	woman in manual wheelchair facing right
🏃	1	pessoa correndo	correndo | correr | corrida | esporte | fast | hurry | marathon | maratona | maratonista | move | person | person running | pessoa | pessoa correndo | pressa | quick | race | racing | run | rush | speed
🏃‍♂️	1	homem correndo	corrida | esporte | fast | homem | homem correndo | hurry | man | man running | marathon | maratona | move | quick | race | racing | run | rush | speed
🏃‍♀️	1	mulher correndo	corredora | correndo | corrida | esporte | fast | garota | guria | hurry | marathon | maratona | menina | move | mulher | mulher correndo | pressa | quick | race | racing | run | rush | rápida | rápido | speed | woman | woman running
🏃‍➡️	1	person running facing right	person running facing right
🏃‍♀️‍➡️	1	woman running facing right	woman running facing right
🏃‍♂️‍➡️	1	man running facing right	man running facing right
💃	1	mulher dançando	bailarina | dance | dancer | dancing | dança | dançando | elegant | festive | flair | flamenco | groove | let’s | mulher | mulher dançando | pessoas | salsa | tango | vamos dançar | woman | woman dancing
🕺	1	homem dançando	dance | dancer | dancing | dançando | elegant | festive | flair | flamenco | groove | homem | homem dançando | let’s | man | man dancing | salsa | tango
🕴️	1	homem de terno levitando	business | homem | homem de terno | homem de terno levitando | levitating | person | person in suit levitating | suit | terno
👯	1	pessoas com orelhas de coelho	amigas | bestie | bff | bunny | coelho | counterpart | dancer | dançar | dançarinas | double | ear | festa | gêmeas | identical | melhores | orelhas | pair | party | partying | people | people with bunny ears | pessoas com orelhas de coelho | soulmate | twin | twinsies
👯‍♂️	1	homens com orelhas de coelho	bestie | bff | bunny | coelho | counterpart | dancer | dançarino | double | ear | festa | homem | homens com orelhas de coelho | identical | men | men with bunny ears | meninos | orelhas | pair | party | partying | people | soulmate | twin | twinsies
👯‍♀️	1	mulheres com orelhas de coelho	bestie | bff | bunny | counterpart | dancer | dançarinas | double | ear | festa | identical | mulheres | mulheres com orelhas de coelho | orelha de coelho | pair | party | partying | people | soulmate | twin | twinsies | women | women with bunny ears
🧖	1	pessoa na sauna	banho | day | homem | luxurious | mulher | pamper | person | person in steamy room | pessoa | pessoa na sauna | relax | relaxar | room | sauna | spa | steam | steambath | unwind
🧖‍♂️	1	homem na sauna	day | homem na sauna | luxurious | man | man in steamy room | pamper | relax | room | sauna | spa | steam | steambath | unwind
🧖‍♀️	1	mulher na sauna	day | luxurious | mulher na sauna | pamper | relax | room | sauna | spa | steam | steambath | unwind | woman | woman in steamy room
🧗	1	pessoa escalando	alpinista | climb | climber | climbing | escalada | escalando | escalar | esporte | montanha | mountain | person | person climbing | pessoa escalando | rock | scale | up
🧗‍♂️	1	homem escalando	climb | climber | climbing | escalar | homem escalando | man | man climbing | mountain | rock | scale | up
🧗‍♀️	1	mulher escalando	climb | climber | climbing | escalar | mountain | mulher escalando | rock | scale | up | woman | woman climbing
🤺	1	esgrimista	esgrima | esgrimista | espada | esporte | fencer | fencing | person | person fencing | pessoa | sword
🏇	1	corrida de cavalos	cavalo | corrida | corrida de cavalos | esporte | horse | horse racing | jockey | jóquei | racehorse | racing | riding | sport
⛷️	1	esquiador	esporte | esqui | esquiador | frio | neve | ski | skier | snow
🏂	1	praticante de snowboard	esporte | inverno | neve | praticante de snowboard | ski | snow | snowboard | snowboarder | sport
🏌️	1	golfista	ball | birdie | bola | caddy | driving | esporte | golf | golfe | golfing | golfista | green | jogando | person | person golfing | pga | putt | range | tee
🏌️‍♂️	1	homem golfista	ball | birdie | caddy | driving | golf | golfe | golfing | green | homem | homem golfista | homem jogando golfe | man | man golfing | pga | putt | range | tee
🏌️‍♀️	1	mulher golfista	ball | birdie | bola | caddy | driving | esporte | garota | golf | golfe | golfing | golfista | green | menina | mulher | mulher golfista | pga | putt | range | tee | woman | woman golfing
🏄	1	surfista	beach | esporte | ocean | onda | ondas | person | person surfing | pessoa | praia | prancha | sport | surf | surfer | surfing | surfista | swell | waves
🏄‍♂️	1	homem surfista	beach | homem | homem surfista | man | man surfing | ocean | sport | surf | surfando | surfer | surfing | swell | waves
🏄‍♀️	1	mulher surfista	beach | esporte | garota | guria | mar | menina | mulher | mulher surfista | ocean | onda | person | praia | sport | surf | surfando | surfe | surfer | surfing | surfista | swell | waves | woman surfing
🚣	1	pessoa remando	barco | boat | bote | canoa | canoe | cruise | fishing | lake | mar | oar | oceano | paddle | person | person rowing boat | pessoa | pessoa remando | raft | remo | rio | river | row | rowboat | rowing
🚣‍♂️	1	homem remando	boat | canoe | cruise | esporte | fishing | homem | homem remando | lake | man | man rowing boat | oar | paddle | raft | remador | remo | river | row | rowboat | rowing
🚣‍♀️	1	mulher remando	barco | boat | caiaque | canoa | canoe | cruise | esporte | fishing | garota | lake | menina | mulher | mulher remando | oar | paddle | pescaria | raft | remadora | remando | remo | rio | river | row | rowboat | rowing | woman | woman rowing boat
🏊	1	pessoa nadando	esporte | freestyle | nadar | natação | olimpíada | person | person swimming | pessoa nadando | sport | swim | swimmer | swimming | triathlon | triatlo
🏊‍♂️	1	homem nadando	freestyle | homem | homem nadando | man | man swimming | nadar | natação | sport | swim | swimmer | swimming | triathlon
🏊‍♀️	1	mulher nadando	esporte | freestyle | homem | man | mulher nadando | nadadora | nado | natação | olimpíada | sport | swim | swimmer | swimming | triathlon | triatlo | woman swimming
⛹️	1	pessoa jogando basquete	arremesso | athletic | atleta | ball | basketball | basquete | bater bola | bola | bouncing | cesta | championship | dribble | esporte | jogador | lance livre | net | person | person bouncing ball | pessoa jogando basquete | player | throw
⛹️‍♂️	1	homem jogando basquete	athletic | ball | basketball | basquete | bola | bouncing | championship | dribble | esporte | homem | homem jogando basquete | man | man bouncing ball | net | player | throw
⛹️‍♀️	1	mulher jogando basquete	athletic | ball | basketball | basquete | bola | bouncing | championship | dribble | esporte | garota | jogadora | jogo | menina | mulher | mulher jogando basquete | net | player | throw | woman | woman bouncing ball
🏋️	1	pessoa levantando peso	barbell | bodybuilder | deadlift | esporte | fisiculturista | força | levantar | lifter | lifting | person | person lifting weights | peso | pessoa levantando peso | powerlifting | weight | weightlifter | weights | workout
🏋️‍♂️	1	homem levantando peso	barbell | bodybuilder | deadlift | esporte | força | homem | homem levantando peso | lifter | lifting | man | man lifting weights | peso | powerlifting | weight | weightlifter | weights | workout
🏋️‍♀️	1	mulher levantando peso	barbell | bodybuilder | deadlift | esporte | força | garota | guria | levantadora de peso | levantar | lifter | lifting | malhar | menina | mulher | mulher levantando peso | peso | powerlifting | weight | weightlifter | weights | woman | woman lifting weights | workout
🚴	1	ciclista	bicicleta | bicycle | bicyclist | bike | biking | ciclismo | ciclista | cycle | cyclist | esporte | pedalar | person | person biking | riding | sport
🚴‍♂️	1	homem ciclista	bicicleta | bicycle | bicyclist | bike | biking | cycle | cyclist | esporte | homem | homem ciclista | man | man biking | passeio | riding | sport
🚴‍♀️	1	mulher ciclista	bicicleta | bicycle | bicyclist | bike | biking | ciclismo | ciclista | cycle | cyclist | esporte | garota | guria | menina | mulher | mulher ciclista | passeio | pedalando | pedalar | riding | sport | woman | woman biking
🚵	1	pessoa fazendo mountain bike	bicicleta | bicycle | bicyclist | bike | biking | ciclismo | ciclista | cycle | cyclist | esporte | montanha | mountain | mountain bike | pedalando | person | person mountain biking | pessoa fazendo mountain bike | riding | sport | trilha
🚵‍♂️	1	homem fazendo mountain bike	bicicleta | bicycle | bicyclist | bike | biking | ciclista | cycle | cyclist | homem fazendo mountain bike | man | man mountain biking | mountain | mountain bike | riding | sport
🚵‍♀️	1	mulher fazendo mountain bike	bicicleta | bicycle | bicyclist | bike | biking | ciclista | cycle | cyclist | esporte | garota | guria | menina | montanha | mountain | mulher | mulher fazendo mountain bike | pedalar | riding | sport | woman | woman mountain biking
🤸	1	pessoa fazendo estrela	active | animada | animado | cartwheel | cartwheeling | esporte | estrela | estrelinha | excited | feliz | flip | ginasta | ginástica | gymnastics | happy | person | person cartwheeling | pessoa | pessoa fazendo estrela | somersault
🤸‍♂️	1	homem fazendo estrela	active | animado | cartwheel | cartwheeling | esporte | estrela | estrelinha | excited | feliz | flip | ginástica | gymnastics | happy | homem | homem fazendo estrela | man | man cartwheeling | menino | somersault | virar
🤸‍♀️	1	mulher fazendo estrela	active | animada | cartwheel | cartwheeling | esporte | estrela | excited | feliz | flip | ginasta | ginástica | gymnastics | happy | menina | mulher | mulher fazendo estrela | somersault | virar | woman | woman cartwheeling
🤼	1	pessoas lutando	combat | combate | duel | esporte | grapple | greco-romana | livre | luta | lutador | people | people wrestling | pessoa | pessoas lutando | ring | torneio | tournament | wrestle | wrestling
🤼‍♂️	1	homens lutando	combat | combate | duel | esporte | grapple | greco-romana | homem | homens lutando | livre | luta | lutador | men | men wrestling | ring | torneio | tournament | wrestle | wrestling
🤼‍♀️	1	mulheres lutando	combat | combate | duel | esporte | grapple | greco-romana | livre | luta | lutadora | mulher | mulheres lutando | ring | torneio | tournament | women | women wrestling | wrestle | wrestling
🤽	1	pessoa jogando polo aquático	aquático | competição | esporte | person | person playing water polo | pessoa | pessoa jogando polo aquático | piscina | playing | polo | sport | swimming | water | waterpolo
🤽‍♂️	1	homem jogando polo aquático	aquático | esporte | homem | homem jogando polo aquático | jogador | jogando | man | man playing water polo | piscina | playing | polo | sport | swimming | water | waterpolo
🤽‍♀️	1	mulher jogando polo aquático	aquático | esporte | jogadora | menina | mulher | mulher jogando polo aquático | piscina | playing | polo | sport | swimming | water | waterpolo | woman | woman playing water polo
🤾	1	handebol	athletics | atleta | ball | bola | catch | chuck | esporte | gol | handball | handebol | hurl | jogador | lob | passe | person | person playing handball | pessoa | pitch | playing | sport | throw | toss
🤾‍♂️	1	jogador de handebol	athletics | ball | bola | catch | chuck | esporte | handball | handebol | homem | hurl | jogador | jogador de handebol | jogando | lob | man | man playing handball | menino | pitch | playing | quadra | sport | throw | toss
🤾‍♀️	1	jogadora de handebol	athletics | ball | bola | catch | chuck | esporte | gol | handball | handebol | hurl | jogadora | jogadora de handebol | jogando | lob | menina | mulher | passe | pitch | playing | quadra | sport | throw | toss | woman | woman playing handball
🤹	1	malabarista	act | balance | balancing | equilíbrio | habilidade | handle | juggle | juggling | malabares | malabarismo | malabarista | manage | multitarefa | multitask | person | person juggling | skill
🤹‍♂️	1	homem malabarista	act | balance | balancing | equilíbrio | habilidade | handle | homem | homem malabarista | juggle | juggling | malabares | malabarismo | man | man juggling | manage | multitarefa | multitask | skill
🤹‍♀️	1	mulher malabarista	act | balance | balancing | equilíbrio | habilidade | handle | juggle | juggling | malabarismo | malabarista | manage | mulher | mulher malabarista | multitarefa | multitask | skill | woman | woman juggling
🧘	1	pessoa na posição de lótus	cross | cruzadas | ioga | legged | legs | lotus | lótus | meditation | meditação | peace | pernas | person | person in lotus position | pessoa na posição de lótus | position | posição | postura | relax | relaxar | serenidade | serenity | yoga | yogi | zen
🧘‍♂️	1	homem na posição de lótus	cross | homem na posição de lótus | ioga | legged | legs | lotus | man | man in lotus position | meditation | meditação | peace | position | relax | serenity | yoga | yogi | zen
🧘‍♀️	1	mulher na posição de lótus	cross | ioga | legged | legs | lotus | meditation | meditação | mulher na posição de lótus | peace | position | relax | serenity | woman | woman in lotus position | yoga | yogi | zen
🛀	1	pessoa tomando banho	banheira | banho | bath | bathtub | espuma | person | person taking bath | pessoa | pessoa tomando banho | taking | tub | água
🛌	1	pessoa deitada na cama	bed | bedtime | boa | cama | cochilo | dormindo | dormir | good | goodnight | hotel | nap | night | noite | person | person in bed | pessoa | pessoa deitada na cama | sleep | soneca | sono | tired | zzz
🧑‍🤝‍🧑	1	pessoas de mãos dadas	amigos | bae | bestie | bff | casal | couple | dadas | dating | flirt | friends | gêmeos | hand | hold | mãos | parceiros | parceria | people | people holding hands | pessoa | pessoas de mãos dadas | twins
👭	1	duas mulheres de mãos dadas	amigas | bae | bestie | bff | casal | couple | dadas | dating | duas mulheres de mãos dadas | flirt | friends | girls | gêmeas | hand | hold | mãos | parceiras | parceria | pessoa | sisters | twins | women | women holding hands
👫	1	homem e mulher de mãos dadas	amigos | bae | bestie | bff | casal | couple | dating | flirt | friends | hand | hold | homem | homem e mulher de mãos dadas | man | mulher | mãos dadas | pessoas | twins | woman | woman and man holding hands
👬	1	dois homens de mãos dadas	amigos | bae | bestie | bff | boys | brothers | casal | couple | dating | dois homens | dois homens de mãos dadas | flirt | friends | gêmeos | hand | hold | homem | irmãos | men | men holding hands | mãos dadas | namorados | pessoas | twins
💏	1	beijo	amor | anniversary | babe | bae | beijar | beijo | casal | coração | couple | date | dating | heart | kiss | love | mwah | person | pessoas | romance | together | xoxo
👩‍❤️‍💋‍👨	1	kiss: woman, man	kiss: woman, man
👨‍❤️‍💋‍👨	1	kiss: man, man	kiss: man, man
👩‍❤️‍💋‍👩	1	kiss: woman, woman	kiss: woman, woman
💑	1	casal apaixonado	anniversary | babe | bae | casal | casal apaixonado | casal com um coração | coração | couple | couple with heart | dating | heart | kiss | love | person | pessoas | relationship | romance | together | you
👩‍❤️‍👨	1	couple with heart: woman, man	couple with heart: woman, man
👨‍❤️‍👨	1	couple with heart: man, man	couple with heart: man, man
👩‍❤️‍👩	1	couple with heart: woman, woman	couple with heart: woman, woman
👨‍👩‍👦	1	family: man, woman, boy	family: man, woman, boy
👨‍👩‍👧	1	family: man, woman, girl	family: man, woman, girl
👨‍👩‍👧‍👦	1	family: man, woman, girl, boy	family: man, woman, girl, boy
👨‍👩‍👦‍👦	1	family: man, woman, boy, boy	family: man, woman, boy, boy
👨‍👩‍👧‍👧	1	family: man, woman, girl, girl	family: man, woman, girl, girl
👨‍👨‍👦	1	family: man, man, boy	family: man, man, boy
👨‍👨‍👧	1	family: man, man, girl	family: man, man, girl
👨‍👨‍👧‍👦	1	family: man, man, girl, boy	family: man, man, girl, boy
👨‍👨‍👦‍👦	1	family: man, man, boy, boy	family: man, man, boy, boy
👨‍👨‍👧‍👧	1	family: man, man, girl, girl	family: man, man, girl, girl
👩‍👩‍👦	1	family: woman, woman, boy	family: woman, woman, boy
👩‍👩‍👧	1	family: woman, woman, girl	family: woman, woman, girl
👩‍👩‍👧‍👦	1	family: woman, woman, girl, boy	family: woman, woman, girl, boy
👩‍👩‍👦‍👦	1	family: woman, woman, boy, boy	family: woman, woman, boy, boy
👩‍👩‍👧‍👧	1	family: woman, woman, girl, girl	family: woman, woman, girl, girl
👨‍👦	1	family: man, boy	family: man, boy
👨‍👦‍👦	1	family: man, boy, boy	family: man, boy, boy
👨‍👧	1	family: man, girl	family: man, girl
👨‍👧‍👦	1	family: man, girl, boy	family: man, girl, boy
👨‍👧‍👧	1	family: man, girl, girl	family: man, girl, girl
👩‍👦	1	family: woman, boy	family: woman, boy
👩‍👦‍👦	1	family: woman, boy, boy	family: woman, boy, boy
👩‍👧	1	family: woman, girl	family: woman, girl
👩‍👧‍👦	1	family: woman, girl, boy	family: woman, girl, boy
👩‍👧‍👧	1	family: woman, girl, girl	family: woman, girl, girl
🗣️	1	silhueta falando	berro | cabeça | face | falando | grito | head | silhouette | silhueta | silhueta falando | speak | speaking | speaking head | voz
👤	1	silhueta de busto	bust | bust in silhouette | busto | mistério | mysterious | pessoas | shadow | silhouette | silhueta | silhueta de busto | sombra
👥	1	silhueta de bustos	amigos | bff | bust | busto | busts | busts in silhouette | dupla | everyone | friend | friends | people | pessoas | silhouette | silhueta | silhueta de bustos
🫂	1	pessoas se abraçando	abraçando | abraço | adeus | amizade | amor | carinho | comfort | conforto | embrace | farewell | friendship | goodbye | hello | hug | hugging | love | obrigado | olá | people | people hugging | pessoas se abraçando | thanks
👪	1	família	child | family | família | filho | mãe | pai | pessoas | um filho
🧑‍🧑‍🧒	1	família: adulto, adulto, criança	adult | adulto | child | criança | family | family: adult, adult, child | família | família: adulto, adulto, criança
🧑‍🧑‍🧒‍🧒	1	família: adulto, adulto, criança, criança	adult | adulto | adultos | child | criança | crianças | family | family: adult, adult, child, child | família | família: adulto, adulto, criança, criança | filha | filho
🧑‍🧒	1	família: adulto, criança	adult | adulto | child | criança | family | family: adult, child | família | família: adulto, criança
🧑‍🧒‍🧒	1	família: adulto, criança, criança	adult | adulto | child | crianças | family | family: adult, child, child | família | família: adulto, criança, criança
👣	1	pegadas	barefoot | clothing | corpo | footprint | footprints | gravura | omw | pegadas | print | pé | pés descalços | rastro | walk
🫆	1	impressão digital	clue | crime | detective | fingerprint | forensics | identidade | identity | impressão digital | investigação forense | mystery | print | safety | segurança | trace
🐵	3	rosto de macaco	animal | banana | face | macaco | monkey | monkey face | rosto | rosto de macaco
🐒	3	macaco	animal | banana | macaco | monkey
🦍	3	gorila	animal | gorila | gorilla | macaco
🦧	3	orangotango	animal | ape | macaco | monkey | orangotango | orangutan | primata
🐶	3	rosto de cachorro	adorbs | animal | cachorro | dog | dog face | face | pet | puppies | puppy | rosto | rosto de cachorro
🐕	3	cachorro	animal | animals | cachorro | cão | dog | dogs | pet
🦮	3	cão-guia	accessibility | acessibilidade | animal | blind | cachorro | cadela | cega | cego | cegueira | cão | cão-guia | deficiência visual | dog | guia | guide | guide dog | labrador
🐕‍🦺	3	cão de serviço	accessibilidade | accessibility | animal | assistance | assistência | cachorro | cadela | cão | cão de serviço | cão-guia | dog | pastor alemão | service | service dog | serviço
🐩	3	poodle	animal | cachorro | dog | fluffy | poodle
🐺	3	rosto de lobo	animal | face | lobo | rosto | rosto de lobo | wolf
🦊	3	rosto de raposa	animal | bicho | face | fox | raposa | rosto | rosto de raposa
🦝	3	guaxinim	animal | astuto | curioso | curious | guaxinim | raccoon | sly | travesso
🐱	3	rosto de gato	animal | cat | cat face | face | felino | gatinho | gato | kitten | kitty | pet | rosto | rosto de gato
🐈	3	gato	animal | animals | cat | cats | felino | gato | kitten | pet
🐈‍⬛	3	gato preto	animal | azar | black | black cat | cat | dia das bruxas | feline | felino | gata | gato | gato preto | halloween | meow | miado | miau | preto | unlucky
🦁	3	rosto de leão	Leo | alpha | animal | face | leão | lion | mane | order | rawr | roar | rosto | rosto de leão | safari | strong | zodiac | zodíaco
🐯	3	rosto de tigre	animal | big | cat | face | predator | rosto de tigre | tiger | tiger face | tigre
🐅	3	tigre	animal | big | cat | predator | tiger | tigre | zoo
🐆	3	leopardo	animal | big | cat | leopard | leopardo | onça | predator | zoo
🐴	3	rosto de cavalo	animal | cavalo | dressage | equine | equino | face | farm | horse | horse face | horses | rosto | rosto de cavalo
🫎	3	alce	alce | alces | animal | antlers | cervo | chifres | elk | galhada | mammal | mamífero | moose | rena
🫏	3	burro	animais | animal | asno | ass | burro | donkey | hinny | jegue | mammal | mamífero | mula | mule | relinchar | relincho | stubborn | teimosa | teimoso
🐎	3	cavalo	animal | cavalo | corrida | equestre | equestrian | farm | horse | racehorse | racing
🦄	3	rosto de unicórnio	animal | face | rosto | rosto de unicórnio | unicorn | unicórnio
🦓	3	zebra	animal | listra | listras | stripe | zebra
🦌	3	cervo	animal | cervo | deer | veado
🦬	3	bisão	animal | bison | bisonte | bisão | buffalo | búfalo | herd | rebanho | wisent
🐮	3	rosto de vaca	animal | cow | cow face | face | farm | fazenda | leite | milk | moo | muuu | rosto | rosto de vaca | vaca | vaquinha
🐂	3	boi	Taurus | Touro | animal | animals | boi | bull | farm | ox | zodiac | zodíaco
🐃	3	búfalo-asiático	animal | buffalo | búfalo | búfalo-asiático | water | water buffalo | zoo | água
🐄	3	vaca	animal | animals | cow | farm | fazenda | milk | moo | vaca
🐷	3	rosto de porco	animal | bacon | face | farm | pig | pig face | porco | pork | rosto | rosto de porco
🐖	3	porco	animal | bacon | farm | pig | porco | pork | sow
🐗	3	javali	animal | boar | javali | pig
🐽	3	nariz de porco	animal | face | farm | nariz | nariz de porco | nose | pig | pig nose | porco | rosto | smell | snout
🐏	3	carneiro	Aries | animal | carneiro | chifre | horns | male | ram | sheep | zodiac | zodíaco | zoo | áries
🐑	3	ovelha	animal | baa | ewe | farm | fazenda | female | fluffy | lamb | lã | ovelha | sheep | wool
🐐	3	cabra	Capricorn | animal | bode | cabra | capricórnio | farm | goat | milk | zodiac | zodíaco
🐪	3	camelo	animal | camel | camelo | camelo de uma só corcova | corcova | desert | deserto | dromedary | dromedário | hump | one
🐫	3	camelo com duas corcovas	animal | bactrian | camel | camelo | camelo asiático com duas corcovas | camelo com duas corcovas | corcova | desert | deserto | hump | two | two-hump | two-hump camel
🦙	3	lhama	alpaca | animal | guanaco | lhama | llama | lã | vicunha | vicuña | wool
🦒	3	girafa	animal | girafa | giraffe | spots
🐘	3	elefante	animal | elefante | elephant
🦣	3	mamute	animal | extinction | extinto | grande | lanoso | large | mammoth | mamute | presa | pré-histórico | tusk | wooly
🦏	3	rinoceronte	animal | rhinoceros | rinoceronte
🦛	3	hipopótamo	animal | hipopótamo | hippo | hippopotamus
🐭	3	rosto de camundongo	animal | camundongo | face | mouse | mouse face | ratinho | rato | rosto | rosto de camundongo
🐁	3	camundongo	animal | animals | camundongo | mouse | ratinho
🐀	3	rato	animal | rat | ratazana | rato
🐹	3	rosto de hamster	animal | face | hamster | pet | rosto | rosto de hamster
🐰	3	rosto de coelho	animal | bunny | coelho | face | pet | rabbit | rabbit face | rosto | rosto de coelho
🐇	3	coelho	animal | bunny | coelhinho | coelhinho da páscoa | coelho | pet | rabbit
🐿️	3	esquilo	animal | chipmunk | esquilo | squirrel
🦫	3	castor	animal | beaver | castor | dam | dentuço | represa | teeth
🦔	3	porco-espinho	animal | espinhoso | hedgehog | ouriço | porco-espinho | spiny
🦇	3	morcego	animal | bat | morcego | vampire | vampiro
🐻	3	rosto de urso	animal | bear | face | grizzly | growl | honey | rosto | rosto de urso | urso
🐻‍❄️	3	urso polar	animal | arctic | bear | branco | polar | polar bear | urso | urso polar | white | ártico
🐨	3	coala	animal | australia | bear | coala | down | face | koala | marsupial | under
🐼	3	rosto de panda	animal | bamboo | face | panda | rosto | rosto de panda
🦥	3	preguiça	bicho-preguiça | devagar | lazy | lenta | lentidão | preguiça | preguiçosa | preguiçoso | sloth | slow
🦦	3	lontra	animal | brincalhona | fishing | lontra | otter | pesca | playful
🦨	3	gambá	animal | fedida | fedido | fedor | gambá | skunk | stink
🦘	3	canguru	Austrália | animal | canguru | filhote | joey | jump | kangaroo | marsupial | pula | pulo | salto
🦡	3	texugo	animal | badger | honey | incomodar | pester | ratel | texugo | texugo de mel
🐾	3	patas	animal | feet | pata | patas | patinhas de cachorro | paw | paw prints | paws | pegada | pegada de pata | print | prints
🦃	3	peru	animal | ave | bird | gobble | peru | peru de natal | thanksgiving | turkey
🐔	3	galinha	animal | ave | bird | chicken | galinha | ornithology
🐓	3	galo	animal | ave | bird | galo | ornithology | rooster
🐣	3	pintinho chocando	animal | ave | baby | bebê | bird | chick | chocando | egg | filhote | galinha | hatching | hatching chick | pintinho | pintinho chocando | pinto
🐤	3	pintinho de perfil	animal | ave | baby | baby chick | bebê | bird | chick | filhote | galinha | ornithology | pintinho | pintinho de perfil | pinto | rosto de pintinho
🐥	3	pintinho de frente	animal | ave | baby | bebê | bird | chick | fihote | front-facing | front-facing baby chick | galinha | newborn | ornithology | pintinho | pintinho de frente | pintinho olhando para frente | pinto
🐦	3	pássaro	animal | bird | ornithology | pássaro
🐧	3	pinguim	animal | antarctica | antartica | bird | frio | ornithology | penguin | pinguim
🕊️	3	pomba branca	animal | ave branca | bird | dove | fly | ornithology | paz | peace | pomba | pomba branca | pássaro
🦅	3	águia	animal | bird | eagle | ornithology | pássaro | águia
🦆	3	pato	animal | bird | duck | ornithology | pato | pássaro
🦢	3	cisne	animal | ave | bird | cisne | cygnet | duckling | ornithology | patinho feio | pássaro | swan | ugly
🦉	3	coruja	animal | bird | coruja | ornithology | owl | pássaro | sabedoria | wise
🦤	3	dodô	Maurício | animal | ave | bird | dodo | dodô | extinction | extinto | grande | large | ornithology | pássaro
🪶	3	pena	bird | feather | flight | leve | light | pena | plumage | plumagem | pássaro | voo
🦩	3	flamingo	animal | ave | bird | extravagante | flamboyant | flamingo | ornithology | tropical
🦚	3	pavão	animal | ave | bird | colorful | colorido | orgulhoso | ornithology | ostentatious | pavoa | pavão | peacock | peahen | pomposo | pretty | proud
🦜	3	papagaio	animal | ave | bird | fala | ornithology | papagaio | parrot | pirata | pirate | pássaro | repete | talk
🪽	3	asa	angelic | angelical | anjo | asa | ascend | ascender | aviation | aviação | bird | celestial | fly | flying | heavenly | mitologia | mythology | pássaro | soar | voando | voar | voar alto | wing
🐦‍⬛	3	pássaro preto	animal | ave | beak | bico | bird | black | black bird | caw | corvid | corvo | crow | gralha | ornithology | passarinho | preto | pássaro | pássaro preto | raven | rook
🪿	3	ganso	animal | ave | bird | bobo | duck | flock | fowl | gaggle | gander | ganso | gansos | geese | goose | grasno | honk | marreco | ornithology | pato | pássaro | silly
🐦‍🔥	3	fênix	ascend | ascension | emerge | fantasia | fantasy | firebird | fênix | glory | immortal | imortal | phoenix | pássaro de fogo | rebirth | reemergir | reencarnar | reencarnação | reincarnation | reincarnação | reinvent | renascer | renascimento | renewal | revival | revive | reviver | rise | transform | transformação
🐸	3	sapo	animal | face | frog | rosto | rosto de sapo | sapo
🐊	3	crocodilo	animal | crocodile | crocodilo | jacaré | zoo
🐢	3	tartaruga	animal | tartaruga | terrapin | tortoise | turtle
🦎	3	lagartixa	animal | lagartixa | lagarto | lizard | reptile | réptil
🐍	3	cobra	Ophiuchus | animal | bearer | cobra | réptil | serpent | serpente | snake | zodiac
🐲	3	rosto de dragão	animal | dragon | dragon face | dragão | face | fairy | fairytale | rosto | rosto de dragão | tale
🐉	3	dragão	animal | dragon | dragão | fairy | fairytale | game of thrones | knights | tale
🦕	3	saurópode	brachiosaurus | braquiosaurus | braquiossauro | brontosaurus | brontossauro | brontossuro | dinosaur | dinossauro | diplodocus | diplódoco | sauropod | saurópode
🦖	3	tiranossauro rex	Rex | T | T-Rex | Tyrannosaurus | dinosaur | dinossauro | t-rex | tiranossauro rex
🐳	3	baleia esguichando água	animal | baleia | baleia esguichando água | beach | esguicho | face | ocean | spouting | spouting whale | whale
🐋	3	baleia	animal | baleia | beach | mar | ocean | oceano | whale
🐬	3	golfinho	animal | beach | dolphin | flipper | golfinho | ocean | oceano
🦭	3	foca	animal | animal marinho | foca | leão marinho | leão-marinho | lion | ocean | oceano | sea | seal
🐟	3	peixe	Peixes | Pisces | animal | dinner | fish | fishes | fishing | peixe | pesca | pescar | signo de peixes | zodiac | zodíaco
🐠	3	peixe tropical	animal | fish | fishes | peixe | peixe tropical | tropical | tropical fish
🐡	3	baiacu	animal | baiacu | blowfish | fish | peixe
🦈	3	tubarão	animal | fish | peixe | shark | tubarão
🐙	3	polvo	animal | creature | ocean | oceano | octopus | polvo
🐚	3	caramujo	animal | beach | caramujo | conch | concha | concha do mar | concha em espiral | sea | shell | spiral | spiral shell
🪸	3	coral	change | climate | coral | mar | mudança climática | ocean | oceano | recife | reef | sea
🪼	3	água-viva	ai | animal | aquarium | aquário | burn | ferrão | invertebrado | invertebrate | jelly | jellyfish | life | mar | marine | marinha | medusa | ocean | oceano | ouch | plankton | queimadura | sea | sting | stinger | tentacles | tentáculos | água-viva
🦀	3	caranguejo	Cancer | Câncer | animal | animal marinho | caranguejo | crab | signo de câncer | zodiac | zodíaco
🦞	3	lagosta	animal | bisque | caldo | claws | fruto do mar | garras | lagosta | lobster | seafood
🦐	3	camarão	animal | camarão | comida | crustáceo | food | shellfish | shrimp | small
🦑	3	lula	animal | comida | food | lula | mollusk | molusco | squid
🦪	3	ostra	diving | frutos do mar | mar | mergulho | ostra | oyster | pearl | pérola
🐌	3	caracol	animal | caracol | escargot | garden | nature | slug | snail
🦋	3	borboleta	beleza | borboleta | butterfly | insect | inseto | pretty
🐛	3	inseto	animal | bug | centopeia | garden | insect | inseto | lagarta
🐜	3	formiga	animal | ant | formiga | garden | insect | inseto
🐝	3	abelha	abelha | animal | bee | bumblebee | honey | honeybee | insect | inseto | nature | natureza | spring
🪲	3	besouro	animal | beetle | besouro | bicho | bug | insect | inseto
🐞	3	joaninha	animal | beetle | besouro | garden | insect | inseto | joaninha | lady | lady beetle | ladybird | ladybug | nature | tipo de besouro
🦗	3	grilo	Orthoptera | animal | bug | cricket | gafanhoto | grasshopper | grilo | insect | inseto
🪳	3	barata	animal | barata | baratas | cockroach | insect | inseto | nojento | nojo | pest | praga | roach
🕷️	3	aranha	animal | aranha | dias das bruxas | halloween | insect | inseto | spider
🕸️	3	teia de aranha	aranha | halloween | inseto | spider | spider web | teia | teia de aranha | web
🦂	3	escorpião	Scorpio | Scorpius | animal | deserto | escorpião | inseto | scorpion | zodiac | zodíaco
🦟	3	mosquito	aedes | aegypti | amarela | animal | bite | chicungunha | dengue | disease | doença | febre | fever | insect | inseto | malaria | malária | mosquito | pernilongo | pest | virus | vírus | zica
🪰	3	mosca	animal | apodrecendo | disease | doença | fly | insect | inseto | larva | maggot | mosca | mosca-varejeira | pest | praga | rotting | varejeira
🪱	3	minhoca	anelídeo | animal | annelid | earthworm | minhoca | parasita | parasite | verme | worm
🦠	3	micróbio	ameba | amoeba | bacteria | bactéria | ciência | microbe | micróbio | science | virus | vírus
💐	3	buquê	aniversário | anniversary | birthday | bouquet | buquê | date | flor | flower | love | plant | planta | romance
🌸	3	flor de cerejeira	blossom | cereja | cerejeira | cherry | cherry blossom | flor | flor de cerejeira | flower | plant | planta | primavera | spring | springtime
💮	3	flor branca	carimbo | carimbo de flor | carimbo de parabéns | flor | flor branca | flower | white | white flower
🪷	3	lótus	Buddhism | Hinduism | Vietnã | beauty | beleza | budismo | calm | calma | flor | flor de lótus | flower | hinduísmo | lotus | lótus | paz | peace | pureza | purity | serenidade | serenity | Índia
🏵️	3	roseta	flor | flor amarela | plant | planta | primavera | roseta | rosette
🌹	3	rosa	beauty | elegant | flor | flower | love | plant | red | rosa | rose | valentine
🥀	3	flor murcha	dying | flor | flor murcha | flower | morrendo | murcha | murchando | wilted | wilted flower
🌺	3	hibisco	flor | flower | hibisco | hibiscus | plant | planta | primavera
🌻	3	girassol	flor | flower | girassol | outdoors | plant | planta | sun | sunflower
🌼	3	flor	blossom | buttercup | dandelion | flor | florescer | flower | plant | planta
🌷	3	tulipa	blossom | flor | flower | growth | plant | tulip | tulipa
🪻	3	jacinto	arbusto | bloom | bluebonnet | flor | flor-crânio-do-dragão | flower | hyacinth | indigo | jacinto | lavanda | lavender | lilac | lilás | lupine | lupinus | plant | planta | primavera | purple | roxo | shrub | snapdragon | spring | violet | violeta
🌱	3	muda de planta	brotar | broto | jovem | muda | muda de planta | plant | planta jovem | plantinha | sapling | seedling | sprout | young
🪴	3	vaso com planta	casa | chato | decor | decoração | grow | house | nurturing | nutrir | plant | planta | plantar | pot | potted | potted plant | samambaia | sem utilidade | vaso | vaso com planta
🌲	3	conífera	christmas | conífera | evergreen | evergreen tree | floresta | forest | natal | pine | pinheirinho | pinheiro | tree | árvore | árvore de pinheiro
🌳	3	árvore caidiça	caidiça | deciduous | deciduous tree | desfolha | forest | green | habitat | natureza | shedding | tree | árvore | árvore caidiça | árvore cheia
🌴	3	palmeira	beach | coqueiro | palm | palm tree | palmeira | plant | tree | tropical | árvore | árvore de palmeira
🌵	3	cacto	cacto | cactus | desert | deserto | drought | nature | natureza | plant | planta | seca
🌾	3	planta de arroz	arroz | comida | ear | espiga | espiga de arroz | fazenda | grain | grains | grãos | plant | planta | planta de arroz | planta do arroz | rice | sheaf | sheaf of rice
🌿	3	erva	erva | folha | herb | leaf | plant | planta
☘️	3	trevo	Irlanda | irish | irlandês | plant | planta | shamrock | trevo | trevo de três folhas
🍀	3	trevo de quatro folhas	4 | clover | folhas | four | four leaf clover | four-leaf | irish | irlandês | leaf | lucky | plant | planta | quatro | sorte | sortudo | trevo | trevo de quatro folhas
🍁	3	folha de bordo	falling | folha | folha caída | folha de bordo | folha vermelha | leaf | maple | maple leaf | outono
🍂	3	folhas caídas	autumn | cair | caídas | fall | fallen | fallen leaf | falling | folha | folhas | folhas caídas | leaf | outono
🍃	3	folha ao vento	blow | flutter | fluttering | folha | folha ao vento | leaf | leaf fluttering in wind | soprando | vento | wind
🪹	3	ninho vazio	aninhando | branch | empty | empty nest | galhos | home | lar | nest | nesting | ninho | ninho vazio | passarinho | pássaro
🪺	3	ninho com ovos	aninhando | bird | branch | egg | eggs | galhos | lar | nest | nest with eggs | nesting | ninho | ninho com ovos | ovo | ovos | passarinho | pássaro
🍄	3	cogumelo	champignon | cogumelo | fungo | fungus | mario | mushroom | planta | toadstool
🪾	3	árvore seca	bare | barren | branches | dead | drought | inverno | leafless | leafless tree | seca | tree | trunk | winter | wood | árvore seca | árvore sem folhas
🍇	4	uvas	Dionysus | fruit | fruta | grape | grapes | uva | uvas
🍈	4	melão	cantaloupe | fruit | fruta | melon | melão
🍉	4	melancia	fruit | fruta | melancia | watermelon
🍊	4	tangerina	c | citrus | cítrica | fruit | fruta | laranja | nectarine | orange | tangerina | tangerine | vitamin
🍋	4	limão	azedo | citrus | cítrico | fruit | fruta | lemon | lima | limão | limão siciliano | sour
🍋‍🟩	4	lima	acidez | acidity | caipirinha | citrus | cocktail | cítrica | cítrico | drink | fruit | fruta | garnish | key | lima | lime | limonada | limão | margarita | mojito | refreshing | salsa | sour | tangy | tequila | tropical | verde | zest
🍌	4	banana	banana | fruit | fruta | potassium
🍍	4	abacaxi	abacaxi | colada | comida | fome | fruit | fruta | pina | pineapple | tropical
🥭	4	manga	comida | food | fruit | fruta | manga | mango | tropical
🍎	4	maçã vermelha	apple | diet | food | fruit | fruta | health | maçã | maçã vermelha | red | red apple | ripe | vermelha
🍏	4	maçã verde	apple | comida | fome | fruit | fruta | green | green apple | maçã | maçã verde | verde
🍐	4	pera	comida | fome | fruit | fruta | pear | pera
🍑	4	pêssego	fruit | fruta | peach | pêssego
🍒	4	cereja	berries | cereja | cherries | cherry | comida | fome | fruit | fruta | frutas vermelhas | red
🍓	4	morango	berry | comida | fome | fruit | fruta | frutas vermelhas | morango | strawberry
🫐	4	mirtilos	alimento | azul | baga | berries | berry | bilberry | blue | blueberries | blueberry | comida | food | fruit | fruta | mirtilo | mirtilos | silvestre
🥝	4	kiwi	comida | food | fruit | fruta | kiwi | kiwi fruit
🍅	4	tomate	food | fruit | fruta | fruto | legume | tomate | tomato | vegetable | vegetal
🫒	4	azeitona	alimento | azeitona | comida | food | olive | oliveira
🥥	4	coco	coco | coconut | colada | fruta | palm | palmeira | piña | piña colada
🥑	4	abacate	abacate | avocado | comida | food | fruit | fruta
🍆	4	berinjela	aubergine | beringela | berinjela | comida | eggplant | legume | vegetable | vegetal
🥔	4	batata	batata | comida | fome | food | legume | potato | vegetable | vegetal
🥕	4	cenoura	carrot | cenoura | comida | fome | food | legume | salada | vegetable | vegetal
🌽	4	milho	comida | corn | crops | ear | ear of corn | espiga | espiga de milho | farm | fome | maize | maze | milho
🌶️	4	pimenta	apimentada | apimentado | hot | hot pepper | pepper | pimenta | tempero
🫑	4	pimentão	alimento | bell | bell pepper | capsicum | comida | food | pepper | pimenta | pimentão | pimentão verde | vegetable | vegetal
🥒	4	pepino	comida | cucumber | fome | food | legume | pepino | pickle | picles | salada | vegetable | vegetal
🥬	4	verdura	alface | bok | bok choy | burgers | cabbage | choy | comida | couve | green | hambúrguer | kale | leafy | leafy green | lettuce | repolho | repolho chinês | salad | salada | verdura
🥦	4	brócolis	broccoli | brócoli | brócolis | cabbage | wild
🧄	4	alho	alho | flavoring | garlic | tempero
🧅	4	cebola	cebola | flavoring | onion | tempero
🥜	4	amendoim	amendoim | comida | food | nut | peanut | peanuts | vegetable
🫘	4	feijões	alimento | beans | comida | feijão | feijões | food | grão | kidney | legume | small
🌰	4	castanha	almond | castanha | chestnut | plant | planta
🫚	4	gengibre	beer | cerveja | comida | erva | especiaria | gengibre | ginger | ginger root | health | herb | natural | raiz | root | saúde | spice | tempero
🫛	4	vagem	beans | beanstalk | comida | edamame | ervilha | feijão | grão | legume | leguminosa | pea | pea pod | pod | pé de feijão | soybean | vagem | vegetable | vegetal | veggie
🍄‍🟫	4	cogumelo marrom	brown mushroom | champignon | cogumelo | cogumelo marrom | comida | food | fungi | fungo | fungos | fungus | mushroom | nature | natureza | pizza | portobello | shiitake | shroom | spore | sprout | toppings | trufa | truffle | vegetable | vegetal | vegetarian | vegetariano | veggie
🫜	4	tubérculo	beet | beterraba | food | garden | legume | nabo | radish | raiz | root | root vegetable | salad | tubérculo | turnip | vegetable | vegetal | vegetarian
🍞	4	pão	bread | carbs | food | grain | loaf | pão | pão de forma | pão para fatiar | restaurant | restaurante | toast | torrada | tostex | wheat
🥐	4	croissant	bread | breakfast | café da manhã | comida | crescent | croissant | fome | food | french | pão | roll
🥖	4	baguete	baguete | baguette | baguette bread | bisnaga | bread | comida | food | french | pão | pão francês
🫓	4	pão sírio	alimento | arepa | bread | comida | flatbread | food | gordita | lavash | naan | pita | pão | pão folha | pão sírio
🥨	4	pretzel	convoluted | pretzel | pão torcido | twisted
🥯	4	bagel	bagel | bakery | bread | breakfast | café da manhã | chimia | comida | confeitaria | pão | rosca | rosquinha | schmear
🥞	4	panquecas	breakfast | café da manhã | comida | crepes | crêpe | fome | food | hotcake | pancake | pancakes | panquecas
🧇	4	waffle	breakfast | doce | gofre | indecisive | iron | wafel | waffle | wafle
🧀	4	queijo	cheese | cheese wedge | comida | fome | queijo | queijo suíço | wedge
🍖	4	carne	bone | carne | carne com osso | carne no osso | churras | churrasco | meat | meat on bone | osso | restaurante
🍗	4	coxa de frango	aves | bone | chicken | comida | coxa | coxa de frango | coxinha | drumstick | fome | hungry | leg | osso | peru | poultry | poultry leg | restaurante | turkey
🥩	4	corte de carne	bife | carne | carne vermelha | chop | corte de carne | costela de cordeiro | costeleta | costeleta de porco | cut | cut of meat | lambchop | meat | porco | porkchop | red | steak
🥓	4	bacon	bacon | breakfast | comida | fome | food | meat | toucinho
🍔	4	hambúrguer	burger | búrguer | cheese burguer | eat | fast | food | hamburger | hambúrguer | hungry | restaurante
🍟	4	batata frita	batata frita | comida | fast | fast food | fome | food | french | french fries | fries | fritas | lanchonete | restaurante
🍕	4	pizza	cheese | fatia | food | hungry | pepperoni | pizza | restaurante | slice
🌭	4	cachorro-quente	cachorro quente | cachorro-quente | dog | frankfurter | hot | hot dog | hotdog | pão com salsicha | pão com vina | sausage | vina
🥪	4	sanduíche	bread | pão | pão de forma | sanduíche | sandwich
🌮	4	taco	comida mexicana | mexican | mexicano | taco | tacos
🌯	4	burrito	burrito | comida mexicana | mexican | mexicano | wrap
🫔	4	tamale	alimento | comida | enrolado | food | mexican | mexicano | milho | pamonha | tamale | wrapped
🥙	4	pão recheado	comida | falafel | flatbread | food | gyro | kebab | pão | pão recheado | recheio | stuffed | stuffed flatbread | wrap
🧆	4	falafel	almôndega | chickpea | falafel | grão de bico | meatball
🥚	4	ovo	breakfast | comida | egg | fome | food | ovo
🍳	4	ovo frito	breakfast | comida | cooking | culinária | easy | egg | frigideira | fry | frying | over | ovo | ovo estrelado | ovo frito | pan | restaurant | restaurante | side | sunny | up
🥘	4	caçarola com comida	casserole | caçarola | caçarola com comida | comida | fome | food | paella | pan | panela | rasa | shallow | shallow pan of food
🍲	4	panela	ensopado | food | panela | pot | pot of food | restaurante | soup | stew | tigela de comida
🫕	4	fondue	alimento | cheese | chocolate | comida | derretido | fondue | food | melted | panela | pot | queijo | ski | suíço
🥣	4	tigela com colher	bowl | bowl with spoon | breakfast | café da manhã | cereal | congee | oatmeal | porridge | prato de sopa | spoon | tigela com colher
🥗	4	salada verde	comida | fome | food | green | green salad | restaurante | salad | salada | salada verde | verde
🍿	4	pipoca	balde | cinema | corn | movie | pipoca | pop | popcorn
🧈	4	manteiga	butter | dairy | laticínio | manteiga | margarina
🧂	4	sal	comida | condiment | condimento | flavor | mad | sabor | sal | saleiro | salgado | salt | salty | shaker | taste | upset
🥫	4	comida enlatada	can | canned | canned food | comida enlatada | food | lata
🍱	4	bentô	almoço japonês | bento | bento box | bentô | box | caixa | caixa de bentô | food | restaurante
🍘	4	biscoito de arroz	arroz | biscoito de arroz | bolacha de arroz | cracker | food | rice | rice cracker
🍙	4	arroz japonês	Japanese | arroz | arroz japonês | ball | bolinho de arroz | comida | fome | food | japonês | onigiri | restaurante | rice | rice ball
🍚	4	arroz cozido	arroz | arroz cozido | comida | cooked | cooked rice | fome | food | restaurante | rice
🍛	4	arroz com curry	arroz | arroz com curry | curry | curry e arroz | curry rice | food | restaurante | rice
🍜	4	lámen	bowl | chopsticks | comida | fome | food | lámen | macarrão | miojo | noodle | pho | quentinha | ramen | restaurante | sopa | soup | steaming | steaming bowl | tigela | tigela de macarrão
🍝	4	espaguete	comida | espaguete | fome | food | italiano | macarronada | macarrão | meatballs | pasta | restaurant | restaurante | spaghetti
🍠	4	batata assada	assada | batata | batata assada | batata-doce | doce | food | potato | restaurante | roasted | roasted sweet potato | sweet
🍢	4	oden	espetinho | food | frutos do mar | frutos do mar no espetinho | kebab | oden | restaurant | restaurante | seafood | skewer | stick
🍣	4	sushi	comida japonesa | food | restaurante | restaurante japonês | sashimi | sushi
🍤	4	camarão frito	camarão | camarão empanado | camarão frito | fried | fried shrimp | prawn | restaurante | shrimp | tempura
🍥	4	bolinho de peixe	bolinho de peixe | cake | croquete | fish | fish cake with swirl | food | pastry | peixe | redemoinho | restaurant | restaurante | swirl
🥮	4	bolo lunar	autumn | bolo da lua | bolo lunar | cake | comida | confeitaria | festival | festival chinês | moon | moon cake | outono | yuèbǐng
🍡	4	dango	Japanese | bolinho de mochi | bolinho de mochi no espetinho | bolinho japonês | comida | dango | dessert | doce | fome | japonês | mochi | mochiko | skewer | sobremesa | stick | sweet
🥟	4	bolinho asiático	asiático | bolinho | bolinho asiático | chinês | dumpling | empanada | gyōza | jiaozi | massa | pierogi | potsticker
🥠	4	biscoito da sorte	biscoito chinês | biscoito da fortuna | biscoito da sorte | cookie | fortune | fortune cookie | profecia | prophecy | sorte
🥡	4	caixa para viagem	box | caixa para viagem | caixinha para levar | chopsticks | delivery | food | marmita | oyster | pail | takeout | takeout box
🍦	4	sorvete italiano	cream | dessert | doce | fome | food | ice | icecream | restaurant | serve | sobremesa | soft | soft ice cream | sorvete | sorvete de casquinha | sorvete de massa | sorvete italiano | sorvete na casquinha | sweet
🍧	4	raspadinha de gelo	dessert | gelo | ice | raspadinha | raspadinha de gelo | restaurant | restaurante | shaved | shaved ice | sobremesa | sweet
🍨	4	sorvete	cream | creme | dessert | food | gelo | ice | ice cream | restaurant | restaurante | sobremesa | sorvete | sweet
🍩	4	donut	breakfast | comida | dessert | donut | doughnut | fome | food | restaurante | rosquinha | sonho doce | sweet
🍪	4	biscoito	biscoito | bolacha | chip | chocolate | comida | cookie | dessert | doce | fome | sobremesa | sweet
🎂	4	bolo de aniversário	aniversário | bday | birthday | birthday cake | bolo | bolo de aniversário | cake | celebration | comemoração | dessert | doce | feliz aniversário | festa | happy | niver | pastry | sweet
🍰	4	pão de ló de morango	bolo | bolo recheado | cake | dessert | doce | fatia | fatia de bolo | pastry | pão de ló | pão de ló de morango | restaurante | shortcake | slice | sobremesa | sweet
🧁	4	cupcake	açúcar | bakery | bolinho | bolo | comida | confeitaria | confeito | cupcake | dessert | doce | sobremesa | sprinkles | sugar | sweet | torta | treat
🥧	4	torta	abóbora | apple | carne | doce | fatia | fatia de torta | filling | fruit | fruta | maçã | meat | padaria | pastry | pie | pumpkin | recheio | salgado | slice | torta
🍫	4	chocolate	bar | barra | barra de chocolate | candy | chocolate | chocolate bar | dessert | doce | fome | halloween | sweet | tooth
🍬	4	bala	bala | balinha | candy | cavities | dessert | doce | halloween | restaurant | sweet | tooth | wrapper
🍭	4	pirulito	bala | candy | dessert | doce | food | lollipop | pirulito | restaurant | sweet
🍮	4	pudim	custard | dessert | pudding | pudim | pudim de leite | pudim de ovos | restaurante | sweet
🍯	4	pote de mel	barrel | bear | food | honey | honey pot | honeypot | jar | mel | pot | pote | pote de mel | restaurante | sweet
🍼	4	mamadeira	babies | baby | baby bottle | bebê | birth | born | bottle | drink | infant | leite | leitinho | mamadeira | mamar | milk | neném | newborn
🥛	4	copo de leite	copo | copo de leite | drink | glass | glass of milk | leite | milk
☕	4	café	beverage | cafe | cafezinho | cafeína | caffeine | café | chai | chá | coffee | drink | hot | hot beverage | inverno | morning | quente | steaming | tea
🫖	4	bule	alimento | bebida | brew | bule | chaleira | chá | comida | drink | food | infusão | pot | tea | teapot
🍵	4	xícara de chá sem alça	bebida | beverage | chá | chá verde | cup | drink | handle | oolong | tea | teacup | teacup without handle | xícara | xícara de chá | xícara de chá sem alça
🍶	4	saquê	bar | bebida | beverage | bottle | copo | cup | drink | garrafa | garrafa e copo de saquê | japonês | restaurant | restaurante | sake | saquê
🍾	4	garrafa de champanhe	aniversário | bar | bottle | bottle with popping cork | champagne | champanha | champanhe | cidra | comemorar | cork | drink | espumante | estourar | festa | garrafa | garrafa de champanhe | parabéns | popping
🍷	4	vinho	alcohol | bar | bebida | beverage | booze | club | cálice de vinho | drink | drinking | drinks | glass | restaurant | restaurante | taça | vinho | wine | wine glass
🍸	4	coquetel	alcohol | bar | beber | bebida | booze | cachaça | club | cocktail | cocktail glass | coquetel | drink | drinking | drinks | glass | happy hour | mad | martini | men | restaurante | taça | taça de coquetel
🍹	4	bebida tropical	alcohol | bar | bebida | bebida tropical | booze | club | cocktail | coquetel | coquetel de frutas | drink | drinking | drinks | drunk | happy hour | mai | party | restaurante | tai | tropical | tropical drink | tropics
🍺	4	cerveja	alcohol | ale | bar | bebida | beer | beer mug | booze | caneca | caneca de cerveja | cerveja | chopp | drink | drinking | drinks | gelada | happy hour | mug | octoberfest | oktoberfest | pint | restaurante | stein | summer
🍻	4	canecas de cerveja	Chopp | alcohol | bar | beer | booze | bottoms | caneca | canecas de cerveja | cerveja | cheers | chope | clink | clinking | clinking beer mugs | drinking | drinks | mugs | restaurante
🥂	4	taças brindando	brinde | celebrate | champagne | champanhe | clink | clinking | clinking glasses | comemoração | drink | glass | glasses | taça | taças brindando | tim-tim
🥃	4	copo	bar | bebida | copo | drink | glass | liquor | scotch | shot | tumbler | tumbler glass | whiskey | whisky
🫗	4	derramando líquido	acabou | accident | acidente | bebida | copo | derramando líquido | derramar | derrubar | drink | empty | fim | glass | liquid | líquido | oops | ops | pingar | pour | pouring | pouring liquid | spill | vazio | water | água
🥤	4	copo com canudo	canudo | copo | copo com canudo | cup | cup with straw | drink | juice | malt | refrigerante | soda | soft | straw | suco | water | água
🧋	4	chá perolado	bebida | boba | bolha | bubble | bubble tea | chá | chá perolado | comida | food | leite | milk | pearl | pobá | pérola | tea
🧃	4	suco de caixa	beverage | beverage box | box | caixa de suco | caixinha de suco | juice | straw | suco | suco de caixa | suquinho | sweet
🧉	4	mate	bebida | chimarrão | cuia de chimarrão | drink | mate | tereré
🧊	4	cubo de gelo	cold | cube | cubo de gelo | gelado | gelo | ice | iceberg
🥢	4	hashi	chopsticks | comida japonesa | hashi | jeotgarak | kuaizi | pauzinhos
🍽️	4	prato com talheres	almoço | cooking | dinner | eat | faca | fome | fork | fork and knife with plate | garfo | jantar | knife | plate | prato | prato com talheres | prato com talheres ao lado | restaurante | talheres
🍴	4	garfo e faca	almoço | breakfast | breaky | comer | comida | cooking | cutlery | delicious | dinner | eat | faca | feed | fome | food | fork | fork and knife | garfo | garfo e faca | hungry | jantar | knife | lunch | restaurant | restaurante | talher | talheres | yum | yummy
🥄	4	colher	colher | eat | spoon | tableware | talher
🔪	4	faca de cozinha	chef | cooking | cozinhar | faca | faca de cozinha | hocho | kitchen | kitchen knife | knife | tool | weapon
🫙	4	jarro	armazenar | condiment | condimento | conserva | container | empty | jar | jarra | jarro | molho | nada | nothing | pote | recipiente | sauce | store | vazio | vidro
🏺	4	ânfora	Aquarius | amphora | cooking | drink | jug | ornamento chinês | tool | vaso | vaso chinês | weapon | zodiac | ânfora
🌍	5	globo mostrando Europa e África	Africa | Europa | Europe | Europe-Africa | Terra | earth | globe | globe showing Europe-Africa | globo mostrando Europa e África | showing | world | África
🌎	5	globo mostrando as Américas	Americas | América | Terra | as Américas | earth | globe | globe showing Americas | globo mostrando as Américas | showing | world
🌏	5	globo mostrando Ásia e Oceania	Asia | Asia-Australia | Australia | Austrália | Oceania | Terra | earth | globe | globe showing Asia-Australia | globo mostrando Ásia e Oceania | planeta terra | showing | world | Ásia
🌐	5	globo com meridianos	earth | globe | globe with meridians | globo com meridianos | internet | meridianos | meridians | web | world | worldwide
🗺️	5	mapa-múndi	geografia | map | mapa | mapa-múndi | mundo | world | world map
🗾	5	mapa do Japão	Japan | Japão | map | map of Japan | mapa | mapa do Japão
🧭	5	bússola	bússola | bússola magnética | compass | direction | direção | magnetic | magnético | navegação | navigation | norte | orientação | orienteering | pontos cardeais | ímã
🏔️	5	montanha com neve	alpes | cold | frio | montanha | montanha com neve | mountain | neve | snow | snow-capped | snow-capped mountain
⛰️	5	montanha	montanha | mountain | natureza
🌋	5	vulcão	eruption | erupção vulcânica | lava | mountain | nature | natureza | volcano | vulcão
🗻	5	Monte Fuji	Monte Fuji | fuji | montanha | mount | mount fuji | mountain | nature
🏕️	5	acampamento	acampamento | barraca | camping
🏖️	5	praia e guarda-sol	beach | beach with umbrella | guarda-sol | praia | praia e guarda-sol | umbrella
🏜️	5	deserto	clima seco | desert | deserto
🏝️	5	ilha deserta	desert | desert island | ilha | ilha deserta | island | palmeira | praia
🏞️	5	parque nacional	national | national park | park | parque | parque com rio | parque nacional | reserva florestal | rio
🏟️	5	estádio	arena | estádio | stadium
🏛️	5	prédio grego	arquitetura | building | classical | classical building | clássico | grego | prédio grego
🏗️	5	construção	building | building construction | construction | construção | crane | guindaste | obra
🧱	5	tijolo	argamassa | argila | brick | bricks | cimento | clay | mortar | muro | parede | terra | tijolo | wall
🪨	5	pedra	boulder | heavy | pedra | pedregulho | pesado | rocha | rock | seixo | solid | stone | sólido | tough
🪵	5	madeira	lenha | log | lumber | madeira | madeira serrada | timber | tora | tronco | wood
🛖	5	cabana	abrigo | cabana | casa | home | house | hut | roundhouse | shelter | yurt
🏘️	5	casas	casas | house | houses
🏚️	5	casa abandonada	casa | casa abandonada | derelict | derelict house | home | house
🏠	5	casa	building | casa | construção | country | domicílio | heart | home | house | lar | ranch | residência | settle | simple | suburban | suburbia | where
🏡	5	casa com jardim	building | casa | casa com jardim | construção | country | garden | heart | home | house | house with garden | jardim | lar | ranch | settle | simple | suburban | suburbia | where
🏢	5	edifício comercial	building | city | cubical | edifício | edifício comercial | escritório | job | office | office building
🏣	5	correio japonês	Japanese | Japanese post office | building | correio | correio japonês | japonês | office | oriental | post | prédio
🏤	5	correio	European | building | correio | europeu | office | post | post office | prédio
🏥	5	hospital	building | doctor | doente | hospital | internado | medicine | médico | prédio
🏦	5	banco	banco | bank | building | prédio
🏨	5	hotel	building | hotel | prédio
🏩	5	motel	amor | building | hotel | love | love hotel | motel | prédio
🏪	5	loja de conveniência	24 | 24 horas | 24h | building | convenience | convenience store | conveniência | hours | loja | loja de conveniência | prédio | store
🏫	5	escola	building | colégio | escola | prédio | prédio da escola | school
🏬	5	loja de departamentos	building | departamentos | department | department store | estabelecimento comercial | loja | loja de departamentos | store
🏭	5	fábrica	building | factory | fábrica | prédio
🏯	5	castelo japonês	Japanese | Japanese castle | building | castelo | castelo japonês | castle | japonês | pagoda | pagode | prédio
🏰	5	castelo	European | building | castelo | castelo europeu | castelo medieval | castle | prédio
💒	5	capela de casamento	capela | capela de casamento | casamento | chapel | hitched | nuptials | romance | wedding
🗼	5	Torre de Tóquio	Japão | Tokyo | Tokyo tower | Torre de Tóquio | Tóquio | torre | tower
🗽	5	Estátua da Liberdade	Estátua da Liberdade | Liberty | Statue | Statue of Liberty | estátua | liberdade | liberty | new | ny | nyc | statue | york
⛪	5	igreja	Christian | bless | capela | chapel | church | cristã | cristão | cross | igreja | missa | prédio | religion | religião
🕌	5	mesquita	Muslim | islam | islã | masjid | mesquita | mosque | muçulmano | religion | religião
🛕	5	templo hindu	hindu | hindu temple | temple | templo | templo hindu
🕍	5	sinagoga	Jew | Jewish | judaism | judaísmo | judeu | judia | religion | religião | sinagoga | synagogue | temple | templo
⛩️	5	santuário japonês	japonês | oriental | religion | religião | santuário | santuário japonês | shinto | shinto shrine | shrine | xintoísmo
🕋	5	caaba islã	Muslim | caaba islã | hajj | islam | islã | kaaba | muçulmano | religion | religião | umrah
⛲	5	fonte	chafariz | fonte | fountain | praça | água
⛺	5	barraca	acampamento | acampar | barraca | camping | tent
🌁	5	enevoado	bruma | cerração | enevoado | fog | foggy | neblina | nevoeiro | névoa
🌃	5	noite estrelada	cidade à noite | estrelas | night | night with stars | noite | noite estrelada | prédios | star | stars
🏙️	5	cidade	cidade | city | cityscape | prédios | urbano
🌄	5	aurora sobre montanhas	aurora sobre montanhas | montanha | morning | mountains | nascer do sol sobre as montanhas | over | sol da manhã | sun | sunrise | sunrise over mountains
🌅	5	aurora sobre água	amanhecer | aurora | aurora sobre água | morning | nature | natureza | oceano | rio | sol | sol da manhã | sol nascendo | sun | sunrise
🌆	5	cidade ao anoitecer	anoitecer | at | building | cidade | cidade ao anoitecer | city | cityscape | cityscape at dusk | dusk | evening | landscape | noite | paisagem | prédio | pôr do sol | sun | sunset
🌇	5	pôr do sol	anoitecer | building | calor | cidade | dusk | entardecer | prédio | pôr do sol | pôr do sol sobre prédios | sun | sunset
🌉	5	ponte à noite	at | bridge | bridge at night | night | noite | ponte | ponte à noite | pontilhão
♨️	5	chamas	calor | chamas | fogo | fumaça | hot | hot springs | hotsprings | quente | springs | steaming
🎠	5	carrossel	carousel | carousel horse | carrossel | cavalo | cavalo de carrossel | entertainment | entretenimento | horse | parque de diversão
🛝	5	escorregador	amusement | brincar | brinquedo | escorregador | escorregar | park | parque de diversões | parquinho | play | playground | playground slide | playing | slide | sliding | theme
🎡	5	roda gigante	amusement | entretenimento | ferris | ferris wheel | gigante | park | parque de diversões | roda | roda gigante | theme | wheel
🎢	5	montanha russa	amusement | coaster | entretenimento | montanha | montanha russa | park | parque de diversões | parque temático | roller | roller coaster | russa | theme
💈	5	barbearia	barbearia | barbeiro | barber | barber pole | cortar cabelo | cut | fresh | haircut | pole | poste | poste de barbeiro | shave
🎪	5	circo	circo | circus | circus tent | entretenimento | lona | lona de circo | tenda | tent
🚂	5	locomotiva	caboose | engine | locomotiva | locomotive | railway | steam | train | trains | travel | trem | vapor | veículo
🚃	5	vagão de trem	bonde | car | electric | elétrico | ferroviário | railway | railway car | train | tram | transporte | travel | trem | trolleybus | trólebus | vagão | vagão de trem | veículo
🚄	5	trem de alta velocidade	alta | bala | high-speed | high-speed train | japonês | railway | shinkansen | speed | train | trem | trem de alta velocidade | trens | velocidade | veloz | veículo
🚅	5	trem de alta velocidade japonês	bala | bullet | bullet train | ferrovia | high-speed | japão | nose | railway | shinkansen | speed | train | travel | trem | trem de alta velocidade japonês | velocidade | veloz | viagem
🚆	5	trem	arrived | choo | ferrovia | railway | train | trem | veículo
🚇	5	metrô	metro | metrô | subway | travel | trem | túnel | túnel subterrâneo | veículo
🚈	5	trem urbano	arrived | chegada | cheguei | leve | light | light rail | monorail | rail | railway | trem | trem urbano | veículo
🚉	5	estação	estação | estação de trem | metrô | railway | station | train | trem
🚊	5	bonde elétrico	bonde elétrico | tram | trolleybus | trólebus | veículo
🚝	5	monotrilho	monorail | monotrilho | trem | vehicle | veículo
🚞	5	estrada de ferro na montanha	car | carro | estrada de ferro | estrada de ferro na montanha | montanha | mountain | mountain railway | railway | teleférico | trip | veículo
🚋	5	bonde	bonde | bonde elétrico | bus | car | carro | tram | tram car | trolley | trolleybus | trólebus | veículo
🚌	5	ônibus	bus | school | transporte público | vehicle | veículo | ônibus
🚍	5	ônibus se aproximando	bus | cars | oncoming | oncoming bus | se aproximando | veículo | ônibus | ônibus se aproximando
🚎	5	trólebus	bonde elétrico | bus | tram | trolley | trolleybus | trólebus | veículo | ônibus | ônibus movido a eletricidade
🚐	5	van	bus | drive | mini ônibus | minibus | van | vehicle | veraneio | veículo | ônibus
🚑	5	ambulância	ambulance | ambulância | emergency | vehicle | veículo
🚒	5	carro do corpo de bombeiros	bombeiro | caminhão do corpo de bombeiros | carro | carro do corpo de bombeiros | engine | fire | fire engine | fogo | incêndio | truck | veículo
🚓	5	viatura policial	5–0 | car | carro patrulha | cops | patrol | police | police car | polícia | veículo | viatura policial
🚔	5	viatura policial se aproximando	car | oncoming | oncoming police car | police | polícia | veículo | viatura policial | viatura policial se aproximando
🚕	5	táxi	cab | cabbie | car | drive | taxi | táxi | vehicle | veículo | yellow
🚖	5	táxi se aproximando	cab | cabbie | cars | chegada | drove | hail | oncoming | oncoming taxi | taxi | transporte | táxi | táxi se aproximando | veículo | yellow
🚗	5	carro	automobile | automóvel | car | carro | driving | vehicle | veículo
🚘	5	carro se aproximando	automobile | automóvel | car | carona | carro | carro se aproximando | cars | chegada | drove | oncoming | oncoming automobile | se aproximando | vehicle | veículo
🚙	5	SUV	SUV | car | carro | drive | recreational | sport | sport utility vehicle | sportutility | trailer | utility | vehicle | veículo | veículo recreacional
🛻	5	caminhonete	automobile | automóvel | caminhonete | caminhão | car | carro | caçamba | flatbed | picape | pick-up | pickup | pickup truck | transportation | transporte | truck | veículo
🚚	5	caminhão de entrega	caminhão | caminhão de entrega | car | delivery | delivery truck | drive | truck | vehicle | veículo
🚛	5	caminhão	articulated | articulated lorry | caminhão | caminhão articulado | car | drive | lorry | move | semi | trailer | truck | vehicle | veículo
🚜	5	trator	obra | tractor | trator | vehicle | veículo
🏎️	5	carro de corrida	automobilismo | car | carro | carro de corrida | corrida | racing | racing car | zoom
🏍️	5	motocicleta	corrida | moto | motocicleta | motorcycle | racing | veículo
🛵	5	scooter	monareta | motinho | moto | motoca | motor | motor scooter | scooter
🦽	5	cadeira de rodas manual	accessibility | acessibilidade | cadeira de rodas | cadeira de rodas manual | manual | manual wheelchair | wheelchair
🦼	5	cadeira de rodas motorizada	accessibility | acessibilidade | cadeira de rodas motorizada | motorized | motorized wheelchair | wheelchair
🛺	5	automóvel riquixá	auto | auto rickshaw | automóvel riquixá | autorriquixá | rickshaw | tuk | tuk tuk
🚲	5	bicicleta	bicicleta | bicycle | bike | class | cycle | cycling | cyclist | gang | ride | spin | spinning | veículo
🛴	5	patinete	brinquedo | kick | kick scooter | patinete | scooter
🛹	5	skate	board | rodinhas | skate | skateboard | skater | skatista | wheels
🛼	5	patins de rodas	blades | esporte | patinação | patins | patins de rodas | rodas | roller | roller skate | skate | skates | sport
🚏	5	ponto de ônibus	bus | bus stop | busstop | busão | ponto | ponto de ônibus | stop | transporte público | ônibus
🛣️	5	estrada	caminho | estrada | highway | motorway | road | viagem | viajar
🛤️	5	trilhos	railway | railway track | track | train | trem | trilhos
🛢️	5	barril de óleo	barril | barril de óleo | drum | lata | latão | oil | oil drum | óleo
⛽	5	posto de gasolina	abastecer | bomba | combustível | diesel | fuel | fuel pump | fuelpump | gas | gasolina | gasoline | posto | posto de gasolina | pump | station | álcool
🛞	5	roda	car | carro | circle | círculo | direção | girar | pneu | roda | tire | turn | vehicle | veículo | volante | wheel
🚨	5	sirene	alarm | alert | beacon | car | carro da polícia | emergency | farol policial | light | luz de viatura policial | luz giratória | police | police car light | revolving | siren | sirene
🚥	5	semáforo horizontal	cruzamento | horizontal | horizontal traffic light | intersection | light | luz | semáforo | semáforo horizontal | signal | sinal | sinaleira | stop | stoplight | traffic | trânsito
🚦	5	semáforo vertical	cruzamento | drove | intersection | light | luz | semáforo | semáforo vertical | signal | sinal | sinaleira | stop | stoplight | traffic | trânsito | vertical | vertical traffic light
🛑	5	sinal de pare	octagonal | pare | sign | sinal | sinal de pare | stop | stop sign
🚧	5	em construção	barrier | construction | construção | em construção | símbolo | símbolo para “em construção”
⚓	5	âncora	anchor | marinha | navegar | ship | sinal | tool | âncora
🛟	5	boia	boia | buoy | colete | float | flutuar | guarda-vidas | guardar | life | lifesaver | nadar | preserver | rescue | resgate | ring | ring buoy | safety | salva | salva-vidas | save | saver | segurança | swim | vidas
⛵	5	barco a vela	barco | barco a vela | boat | iate | navegar | oceano | praia | resort | sailboat | sailing | sea | vela | yacht
🛶	5	canoa	barco | boat | canoa | canoe
🚤	5	lancha	barco | billionaire | boat | férias | lake | lancha | luxury | millionaire | praia | speedboat | summer | travel | verão | veículo
🛳️	5	cruzeiro	barco | cruzeiro | embarcação | navio | passageiros | passenger | passenger ship | ship | veículo
⛴️	5	balsa	balsa | barco | boat | ferry | ferry boat | ferry-boat | navegar | passenger
🛥️	5	barco	barco | boat | lancha | motor | motor boat | motorboat | navio | veículo
🚢	5	navio	aquático | barco | boat | cruzeiro | férias | navio | passenger | ship | travel | veículo | viagem
✈️	5	avião	aeroplane | airplane | avião | aéreo | fly | flying | jet | plane | travel | veículo | viajar | voar | voo
🛩️	5	avião pequeno	aeroplane | airplane | avião | avião pequeno | aéreo | jatinho | jato | pequeno | plane | small | small airplane | veículo
🛫	5	avião decolando	aeroplane | airplane | airplane departure | avião | avião decolando | check-in | decolar | departure | departures | fui | férias | partindo | partiu | plane | viagem | viajando
🛬	5	avião aterrissando	aeroplane | airplane | airplane arrival | arrival | arrivals | arriving | aterrissagem | aterrissando | avião | avião aterrissando | chegando | landing | plane | pousando | veículo | voltando
🪂	5	paraquedas	asa-delta | hang-glide | parachute | paraquedas | paraquedista | parasail | saltar de paraquedas | skydive
💺	5	assento	assento | cadeira | chair | poltrona | seat
🚁	5	helicóptero	copter | helicopter | helicóptero | roflcopter | travel | vehicle | veículo | viagem | viajar | voo
🚟	5	estrada de ferro suspensa	estrada de ferro | estrada de ferro suspensa | railway | suspension | suspension railway | suspensão | trem | veículo
🚠	5	teleférico de montanha	bonde | cable | cableway | cabo | cabo suspenso usado em teleféricos nas montanhas | gondola | lift | montanha | mountain | mountain cableway | ski | teleférico | teleférico de montanha | teleférico na montanha | veículo
🚡	5	teleférico	aerial | aerial tramway | aérea | bonde | cable | car | gondola | gôndola | linha | ropeway | teleférico | tramway | veículo
🛰️	5	satélite	antena | espaço | satellite | satélite | space
🚀	5	foguete	espaço | foguete | launch | rocket | rockets | space | travel | veículo
🛸	5	disco voador	ET | UFO | aliens | alienígena | disco | disco voador | extra | flying | flying saucer | saucer | terrestre | terrestrial | voador | óvni
🛎️	5	sineta	bell | bellhop | bellhop bell | hotel | portaria | sineta | sino
🧳	5	mala	bag | bagagem | luggage | mala | packing | rodinhas | roller | suitcase | travel | viagem
⌛	5	ampulheta	ampulheta | areia | done | hourglass | hourglass done | sand | tempo | time | timer
⏳	5	ampulheta contando o tempo	ampulheta | ampulheta contando o tempo | areia | cheia | contando | done | em cima | flowing | hora | hourglass | hourglass not done | hours | not | relógio | sand | tempo | timer | waiting | yolo
⌚	5	relógio de pulso	clock | hora | relógio | relógio de pulso | tempo | time | watch
⏰	5	despertador	alarm | alarm clock | alarme | atrasada | atrasado | clock | despertador | hora | horário | hours | hrs | late | relógio | time | waiting
⏱️	5	cronômetro	clock | cronômetro | relógio | stopwatch | tempo | time
⏲️	5	relógio temporizador	clock | cronômetro | relógio | relógio temporizador | timer | timer clock
🕰️	5	relógio de mesa	clock | mantelpiece | mantelpiece clock | relógio | relógio antigo | relógio de mesa | time
🕛	5	12 horas	12 | 12 horas | 12:00 | 12h00 | clock | doze | meia-noite | meio-dia | o’clock | relógio | time | twelve | twelve o’clock
🕧	5	doze e meia	12 | 12:30 | 12h30 | 30 | clock | doze e meia | relógio | thirty | time | twelve | twelve-thirty
🕐	5	1 hora	1 | 1 hora | 13h | 1:00 | 1h | 1h00 | clock | one | one o’clock | o’clock | relógio | time | uma
🕜	5	uma e meia	1 | 13:30 | 13h30 | 1:30 | 1h30 | 30 | clock | one | one-thirty | relógio | thirty | time | uma e meia
🕑	5	2 horas	14h | 2 | 2 horas | 2:00 | 2h | 2h00 | clock | duas | o’clock | relógio | time | two | two o’clock
🕝	5	duas e meia	2 | 2:30 | 2h30 | 30 | clock | duas e meia | relógio | thirty | time | two | two-thirty
🕒	5	3 horas	15h | 3 | 3 horas | 3:00 | 3h00 | clock | hora | horário | o’clock | relógio | three | three o’clock | time | três
🕞	5	três e meia	3 | 30 | 3:30 | 3h30 | clock | relógio | thirty | three | three-thirty | time | três e meia
🕓	5	4 horas	4 | 4 horas | 4:00 | 4h00 | clock | four | four o’clock | horário | o’clock | quatro | relógio | time
🕟	5	quatro e meia	30 | 4 | 4:30 | 4h30 | clock | four | four-thirty | quatro e meia | relógio | thirty | time
🕔	5	5 horas	5 | 5 horas | 5:00 | 5h00 | cinco | clock | five | five o’clock | o’clock | relógio | time
🕠	5	cinco e meia	17h30 | 30 | 5 | 5:30 | 5h30 | cinco e meia | clock | five | five-thirty | relógio | thirty | time
🕕	5	6 horas	18h | 6 | 6 horas | 6:00 | 6h00 | clock | o’clock | relógio | seis | six | six o’clock | time
🕡	5	seis e meia	18h30 | 30 | 6 | 6:30 | 6h30 | clock | relógio | seis e meia | six | six-thirty | thirty
🕖	5	7 horas	0 | 19h | 7 | 7 horas | 7:00 | 7h00 | clock | o’clock | relógio | sete | seven | seven o’clock
🕢	5	sete e meia	30 | 7 | 7:30 | 7h30 | clock | relógio | sete e meia | seven | seven-thirty | thirty
🕗	5	8 horas	8 | 8 horas | 8:00 | 8h00 | clock | eight | eight o’clock | hora | oito | o’clock | relógio | time
🕣	5	oito e meia	30 | 8 | 8:30 | 8h30 | clock | eight | eight-thirty | oito e meia | relógio | thirty | time
🕘	5	9 horas	21h | 9 | 9 horas | 9:00 | 9h00 | clock | nine | nine o’clock | nove | o’clock | relógio | time
🕤	5	nove e meia	30 | 9 | 9:30 | 9h30 | clock | hora | nine | nine-thirty | nove e meia | relógio | thirty | time
🕙	5	10 horas	0 | 10 | 10 horas | 10:00 | 10h00 | 22h | clock | dez | o’clock | relógio | ten | ten o’clock
🕥	5	dez e meia	10 | 10:30 | 10h30 | 22h30 | 30 | clock | dez e meia | relógio | ten | ten-thirty | thirty | time
🕚	5	11 horas	11 | 11 horas | 11:00 | 11h00 | clock | eleven | eleven o’clock | onze | o’clock | relógio | time
🕦	5	onze e meia	11 | 11:30 | 11h30 | 23h30 | 30 | clock | eleven | eleven-thirty | onze e meia | relógio | thirty | time
🌑	5	lua nova	dark | escuro | lua | lua negra | lua nova | moon | new | new moon | noite | nova | space
🌒	5	lua crescente côncava	crescent | crescente | côncava | dreams | lua | lua crescente côncava | moon | noite | space | waxing | waxing crescent moon
🌓	5	quarto crescente	first | first quarter moon | lua | lua de quarto crescente | moon | quarter | quarto | quarto crescente | space
🌔	5	lua crescente convexa	convexa | crescente | gibbous | lua | lua crescente convexa | moon | space | waxing | waxing gibbous moon
🌕	5	lua cheia	cheia | full | full moon | lua | lua cheia | luar | moon | space
🌖	5	lua minguante convexa	convexa | gibbous | lua | lua minguante convexa | minguante | moon | space | waning | waning gibbous moon
🌗	5	quarto minguante	last | last quarter moon | lua | lua de quarto minguante | moon | quarter | quarto | quarto minguante | space
🌘	5	lua minguante côncava	crescent | côncava | lua | lua minguante côncava | minguante | moon | space | waning | waning crescent moon
🌙	5	lua crescente	crescent | crescent moon | crescente | lua | lua crescente | moon | ramadan | space
🌚	5	rosto da lua nova	face | lua | lua nova | lua nova com rosto | moon | new | new moon face | rosto | rosto da lua nova | space
🌛	5	rosto da lua de quarto crescente	crescente | face | first | first quarter moon face | lua | moon | noite | quarter | quarto | rosto | rosto da lua de quarto crescente | space
🌜	5	rosto da lua de quarto minguante	dreams | face | last | last quarter moon face | lua | lua com rosto | lua de quarto minguante | moon | quarter | quarto minguante | quarto minguante com rosto | rosto | rosto da lua de quarto minguante
🌡️	5	termômetro	clima | temperatura | tempo | termômetro | thermometer | weather
☀️	5	sol	bright | clima | dia claro | raios | rays | sol | solar | space | sun | sunny | tempo | weather
🌝	5	rosto da lua cheia	bright | cheia | face | full | full moon face | lua | lua cheia com rosto | lua com rosto | moon | rosto | rosto da lua cheia
🌞	5	rosto do sol	beach | bright | day | face | heat | praia | rosto | rosto do sol | shine | sol | sun | sun with face | sunny | sunshine | weather
🪐	5	planeta com anéis	anéis | planet | planeta | planeta com anéis | ringed | ringed planet | saturn | saturnine | saturnino | saturno
⭐	5	estrela branca média	amarela | astronomia | astronomy | estrela | estrela branca média | medium | star | stars | white
🌟	5	estrela brilhante	brilhante | brilho | cintilante | estrela | estrela brilhante | glittery | glow | glowing | glowing star | luminosa | night | reluzente | shining | sparkle | star | win
🌠	5	estrela cadente	cadente | cai | estrela | estrela cadente | falling | night | shooting | shooting star | space | star
🌌	5	via láctea	céu | espaço | estrelado | milky | milky way | space | via láctea | way
☁️	5	nuvem	clima | cloud | nuvem | weather
⛅	5	sol por trás das nuvens	behind | clima | cloud | cloudy | nublado | nuvem | sol | sol por trás das nuvens | sun | sun behind cloud | weather
⛈️	5	chuva com trovão	chuva | chuva com trovão | clima | cloud | cloud with lightning and rain | lightning | nuvem | rain | relâmpago | temporal | thunder | thunderstorm | trovão
🌤️	5	sol com nuvens	behind | clima | cloud | ensolarado | nublado | nuvem | sol | sol com nuvens | sun | sun behind small cloud | weather
🌥️	5	nublado	behind | clima | cloud | nublado | nuvem | sol | sun | sun behind large cloud | weather
🌦️	5	sol com chuva	behind | chuva | clima | cloud | nuvem | rain | sol | sol com chuva | sun | sun behind rain cloud | weather
🌧️	5	nuvem com chuva	chovendo | chuva | clima | cloud | cloud with rain | nuvem | nuvem com chuva | rain | weather
🌨️	5	nuvem com neve	clima | cloud | cloud with snow | cold | frio | neve | nuvem | nuvem com neve | snow | weather
🌩️	5	nuvem com relâmpago	clima | cloud | cloud with lightning | lightning | nuvem | nuvem com relâmpago | nuvem com trovão | relâmpago | weather
🌪️	5	tornado	clima | cloud | furacão | nuvem | tornado | weather | whirlwind
🌫️	5	nevoeiro	clima | cloud | fog | furacão | neblina | nevoeiro | nuvem | weather
🌬️	5	rosto de vento	blow | clima | cloud | face | nuvem | rosto | rosto de vento | soprar | sopro | vento | wind | wind face
🌀	5	ciclone	ciclone | clima | cyclone | dizzy | espiral | furacão | hurricane | tonto | twister | typhoon | weather | zonzo
🌈	5	arco-íris	arco-íris | chuva | clima | gay | genderqueer | glbt | glbtq | lesbian | lgbt | lgbtq | lgbtqia | lgbtqia+ | lésbica | nature | natureza | orgulho | pride | queer | rain | rainbow | trans | transgender | transgênero | weather
🌂	5	guarda-chuva fechado	chuva | chuvoso | closed | closed umbrella | clothing | guarda-chuva | guarda-chuva fechado | rain | umbrella
☂️	5	guarda-chuva	acessório | chuva | clima | clothing | guarda-chuva | rain | sombrinha aberta | umbrella
☔	5	sombrinha na chuva	acessório | chuva | clima | clothing | drop | drops | gotas | guarda-chuva | rain | sombrinha | sombrinha na chuva | umbrella | umbrella with rain drops | weather
⛱️	5	guarda-sol	chuva | clima | ground | guarda-sol | praia | rain | sol | sombra | sombrinha | sun | umbrella | umbrella on ground
⚡	5	alta tensão	alta | alta tensão | danger | electric | electricity | eletricidade | high | high voltage | lightning | nature | natureza | perigo | relâmpago | sinal | tensão | thunder | thunderbolt | voltage | zap
❄️	5	floco de neve	clima | cold | floco | floco de neve | frio | neve | snow | snowflake | weather
☃️	5	boneco de neve	boneco | boneco de neve | clima | cold | frio | inverno | man | neve | snow | snowman
⛄	5	boneco de neve sem neve	boneco | boneco de neve sem neve | cold | frio | inverno | man | neve | snow | snowman | snowman without snow
☄️	5	cometa	comet | cometa | espaço | estrela cadente | meteoro | satélite | space
🔥	5	fogo	af | burn | chama | fire | flame | fogo | hot | lit | litaf | tool
💧	5	gota	cold | com suor | comic | drop | droplet | engraçado | gota | gota de suor | nature | sad | suor | sweat | tear | water | weather
🌊	5	onda	mar | nature | ocean | oceano | onda | praia | surf | surfe | surfer | surfing | tsunami | water | water wave | wave | água
🎃	6	abóbora de halloween	abóbora | abóbora de halloween | celebration | comemoração | dia das bruxas | halloween | jack | jack-o-lantern | lantern | lanterna | pumpkin
🎄	6	árvore de natal	Christmas | Christmas tree | Natal | celebration | comemoração | pinheirinho | tree | árvore | árvore de natal
🎆	6	fogos de artifício	ano novo | boom | celebration | comemoração | entertainment | fireworks | fogos | fogos de artifício | yolo
🎇	6	vela estrela	boom | celebration | comemoração | fireworks | fogo de artifício | fogo de artifício vela estrela | sparkle | sparkler | vela estrela
🧨	6	bombinha	artifício | bomba | bombinha | chiando | dinamite | dynamite | estourar | explosive | explosivo | faísca | fire | firecracker | fireworks | fogo | light | luz | pirotecnia | pop | popping | roubada | spark
✨	6	brilhos	* | brilhantes | brilhos | estrelas | faíscas | magic | mágica | sparkle | sparkles | star
🎈	6	balão	aniversário | balloon | balão | birthday | celebrate | celebration | celebração | comemoração | festa | parabéns
🎉	6	cone de festa	alegria | aniversário | awesome | birthday | celebrar | celebrate | celebration | comemoração | cone | cone de festa | eba | excited | festa | hooray | oba | parabéns | party | party popper | popper | tada | woohoo
🎊	6	confete	ball | bola | celebrate | celebration | celebração | comemoração | confete | confetti | confetti ball | eba | oba | parabéns | party | woohoo
🎋	6	árvore de tanabata	Estrelas | Festival | Japanese | banner | celebration | comemoração | japonesa | papel | tanabata | tanabata tree | tiras | tree | árvore | árvore de tanabata
🎍	6	decoração de pinhos	Japanese | bamboo | bambu | celebration | comemoração | decoration | decoração de pinhas | decoração de pinhos | japonês | pine | pine decoration | pinha | plant
🎎	6	bonecas japonesas	Japanese | Japanese dolls | bonecas | bonecas japonesas | celebration | comemoração | doll | dolls | festival | japanesas | japonês
🎏	6	bandeira de carpas	bandeira | bandeira de carpas | carp | carp streamer | carpas | celebration | comemoração | koinobori | streamer
🎐	6	carrilhão de vento	bell | carrilhão de vento | celebration | chime | sino | som | vento | wind | wind chime
🎑	6	contemplação da lua	celebration | ceremony | cerimônia de contemplação da lua | comemoração | contemplação | contemplação da lua | lua | moon | moon viewing ceremony | viewing
🧧	6	envelope vermelho	boa sorte | dinheiro | envelope | envelope vermelho | gift | good | hóngbāo | lai | lai see | luck | money | presente | red | red envelope | see
🎀	6	laço de fita	celebration | comemoração | fita | laço | laço de fita | presente | ribbon
🎁	6	presente	birthday | bow | box | celebration | christmas | comemoração | embrulhado | gift | mimo | present | presente | surprise | wrapped | wrapped gift
🎗️	6	fita de lembrete	celebration | celebração | comemoração | fita de lembrete | laço | lembrete | reminder | reminder ribbon | ribbon
🎟️	6	ingresso de cinema	admission | admission tickets | cinema | entrada | ingresso | ingresso de cinema | ticket | tickets
🎫	6	ingresso	admission | entretenimento | ingresso | stub | ticket
🎖️	6	medalha militar	award | celebration | condecoração | medal | medalha | medalha militar | militar | military | military medal | prêmio
🏆	6	troféu	campeã | campeão | champion | champs | prize | prêmio | slay | sport | troféu | trophy | victory | win | winning
🏅	6	medalha esportiva	award | gold | medal | medalha | medalha esportiva | sports | sports medal | vitória | winner
🥇	6	medalha de ouro	1o. lugar | 1st | 1st place medal | 1º. lugar | first | gold | medal | medalha | medalha de ouro | ouro | place | vitória
🥈	6	medalha de prata	2nd | 2nd place medal | 2o. lugar | 2º. lugar | medal | medalha | medalha de prata | place | prata | second | segundo | silver
🥉	6	medalha de bronze	3o. lugar | 3rd | 3rd place medal | 3º. lugar | bronze | medal | medalha | medalha de bronze | place | terceiro | third
⚽	6	bola de futebol	ball | bola | bola de futebol | football | futbol | futebol | jogar | soccer | soccer ball | sport
⚾	6	bola de beisebol	ball | baseball | beisebol | bola | bola de beisebol | esportes | sport
🥎	6	softbol	ball | bola | esporte | glove | luva | softball | softbol | sports | underarm
🏀	6	bola de basquete	ball | basketball | basquete | bola | bola de basquete | cesta | esporte | hoop | jogo | sport
🏐	6	bola de vôlei	ball | bola | bola de vôlei | game | jogar | jogo | volleyball | vôlei
🏈	6	bola de futebol americano	american | american football | americano | ball | bola | bola de futebol americano | bowl | esporte | football | futebol | sport | super | super bowl
🏉	6	bola de rugby	americano | ball | bola | bola de rugby | esporte | football | futebol | rugby | rugby football | sport
🎾	6	tênis	ball | bola | esporte | racquet | raquete | sport | tennis | tênis
🥏	6	frisbee	disc | disco | esporte | flying | flying disc | frisbee | ultimate | voador
🎳	6	boliche	ball | bola | boliche | bowling | game | jogo | sport | strike
🏏	6	críquete	ball | bat | betes | bola | cricket | cricket game | críquete | game | jogo | taco
🏑	6	hóquei de campo	ball | bola | campo | field | field hockey | game | hockey | hóquei | hóquei de campo | jogo | stick | taco
🏒	6	hóquei no gelo	disco | game | gelo | hockey | hóquei | hóquei no gelo | ice | ice hockey | jogo | puck | stick | taco
🥍	6	lacrosse	ball | bastão | bola | esporte | goal | gol | lacrosse | raquete | sports | stick | taco
🏓	6	pingue-pongue	ball | bat | game | mesa | paddle | ping | ping pong | pingpong | pingue-pongue | pong | raquete | table | tennis | tênis
🏸	6	badminton	badminton | birdie | game | jogo | peteca | racquet | raquete | shuttlecock
🥊	6	luva de boxe	boxe | boxing | boxing glove | esporte | glove | luta | luva | luva de boxe
🥋	6	quimono de artes marciais	artes | arts | esporte | faixa | judo | judô | karate | karatê | marciais | martial | martial arts uniform | preta | quimono | quimono de artes marciais | taekwondo | uniform | uniforme
🥅	6	gol	esporte | futebol | goal | goal net | gol | goleira | goleiro | net | rede
⛳	6	bandeira no buraco	bandeira | bandeira no buraco | buraco | esporte | flag | flag in hole | golf | golfe | hole | sport
⛸️	6	patins de gelo	gelo | ice | ice skate | patinação | patins | patins de gelo | skate | skating
🎣	6	pesca	entertainment | entretenimento | fish | fishing | fishing pole | peixe | pesca | pescador | pescaria | pole | recreação | sport | vara
🤿	6	máscara de mergulho	diving | diving mask | esnórquel | mask | mergulhador | mergulho | máscara | máscara de mergulho | scuba | snorkel | snorkeling
🎽	6	camiseta de corrida	athletics | camiseta | camiseta de corrida | corrida | esporte | faixa | running | running shirt | sash | shirt
🎿	6	esqui	bota | esporte | esqui | esquiar | neve | ski | skis | snow | sport
🛷	6	trenó	luge | neve | sled | sledge | sleigh | snow | toboggan | tobogã | trenó
🥌	6	pedra de curling	curling | curling stone | game | jogo | pedra | pedra de curling | rock | stone
🎯	6	no alvo	alvo | bull | bullseye | certeiro | dardos | dart | direct | entertainment | game | hit | jogo | mira | mosca | no alvo | target | tiro
🪀	6	ioiô	brinquedo | fluctuate | flutua | ioiô | toy | yo-yo
🪁	6	pipa	fly | kite | papagaio | pipa | planar | soar | voar
🔫	6	pistola d’água	arma | ferramenta | gun | handgun | pistol | pistola | pistola d’água | revolver | revólver | tool | water | water pistol | weapon | água
🎱	6	bilhar	8 | 8ball | ball | bilhar | billiard | bola oito | eight | game | jogo | pool | pool 8 ball
🔮	6	bola de cristal	adivinhação | ball | bola | bola de cristal | cristal | crystal | crystal ball | destino | fairy | fairytale | fantasy | fortune | future | futuro | magic | prever | tale | tool
🪄	6	varinha mágica	bruxa | condão | magia | magic | magic wand | magician | mago | mágica | varinha | varinha mágica | wand | witch | wizard
🎮	6	videogame	controle | controller | entertainment | game | jogo | jogos | playstation | video | video game | videogame | xbox
🕹️	6	joystick	atari | controle | game | jogo | joystick | video | videogame
🎰	6	caça-níquel	aposta | azar | casino | cassino | caça-níquel | gamble | gambling | game | jogo | machine | máquina | slot | slot machine | slots
🎲	6	jogo de dado	dado | dados | dice | die | entertainment | game | game die | jogo | jogo de dado | sorte
🧩	6	quebra-cabeça	clue | dica | encaixe | interlocking | jigsaw | peça | piece | puzzle | puzzle piece | quebra-cabeça
🧸	6	ursinho de pelúcia	bear | bichinho | brinquedo | enchimento | pelúcia | plaything | plush | stuffed | teddy | teddy bear | toy | ursinho | ursinho de pelúcia | urso
🪅	6	pinhata	candy | celebrate | celebration | cinco | cinco de maio | comemoração | de | doce | festa | festival | festive | mayo | party | pinada | pinata | pinhata | piñata
🪩	6	globo de espelhos	balada | ball | boate | bola | brilho | dance | dança | dançar | disco | discoteca | espelhado | espelho | festa | glitter | globo | globo de espelhos | mirror | mirror ball | night | party
🪆	6	boneca russa	babooshka | baboushka | babushka | boneca | boneca russa | doll | dolls | matriosca | matrioska | matryoshka | nesting | nesting dolls | russa | russia
♠️	6	naipe de espadas	baralho | card | carta | espadas | game | jogo | naipe | naipe de espadas | spade | spade suit | suit
♥️	6	naipe de copas	baralho | card | carta | copas | emotion | game | heart | heart suit | hearts | jogo | naipe | naipe de copas | s2 | suit
♦️	6	naipe de ouros	baralho | card | carta | diamond | diamond suit | game | jogo | naipe | naipe de ouros | ouro | suit
♣️	6	naipe de paus	baralho | card | carta | club | club suit | clubs | game | jogo | naipe | naipe de paus | paus | suit
♟️	6	peão de xadrez	chess | chess pawn | dupe | expendable | pawn | peão | peão de xadrez | truque | xadrez
🃏	6	curinga	baralho | card | carta | coringa | curinga | game | jogo | joker | wildcard
🀄	6	dragão vermelho de mahjong	dragon | dragão | dragão vermelho de mahjong | game | jogo | mahjong | mahjong red dragon | peça | red | vermelho
🎴	6	carta de flores	Hanafuda | Japanese | baralho | card | cards | carta de baralho | carta de flores | flores | flower | flower playing cards | game | jogo de baralho | playing
🎭	6	máscara	actor | actress | art | arte | arts | ator | atriz | drama | dramática | entertainment | entretenimento | espetáculo | mask | máscara | performance | performing | performing arts | peça | teatro | theater | theatre | thespian
🖼️	6	quadro emoldurado	art | arte | emoldurado | frame | framed | framed picture | moldura | museu | museum | painting | picture | pintura | quadro | quadro emoldurado
🎨	6	paleta de tintas	art | arte | artist | artist palette | artista | artsy | arty | artística | colorful | creative | entertainment | museu | museum | painter | painting | paleta | paleta de tintas | palette | pintor | pintura | tinta
🧵	6	carretel	agulha | barbante | carretel | costura | linha | needle | sewing | spool | string | thread
🪡	6	agulha de costura	agulha | agulha de costura | alfaiataria | bordados | costura | embroidery | linha | needle | pontos | sew | sewing | sewing needle | stitches | suturas | sutures | tailoring | thread | vagonite
🧶	6	novelo	ball | bola | crochet | crochê | knit | lã | novelo | tricotar | tricô | yarn
🪢	6	nó	amarrar | cord | corda | cordel | emaranhado | fio | knot | laço | marinheiro | nó | rope | tangled | tie | twine | twist
👓	7	óculos	acessório | clothing | eye | eyeglasses | eyewear | glasses | óculos
🕶️	7	óculos escuros	dark | eye | eyewear | glasses | sunglasses | óculos | óculos de sol | óculos escuros
🥽	7	óculos de proteção	dive | eye | goggles | mergulho | natação | olhos | protection | proteção | scuba | ski | solda | soldagem | swimming | welding | óculos | óculos de proteção
🥼	7	jaleco	cientista | clothes | coat | doctor | dr | dr. | experiment | experimento | experiência | jacket | jaleco | lab | lab coat | médico | roupa | scientist | white
🦺	7	colete salva-vidas	colete | colete salva-vidas | emergency | emergência | refletivo | safety | safety vest | salva-vidas | segurança | vest
👔	7	gravata	acessório | clothing | employed | gravata | necktie | roupa | serious | shirt | tie
👕	7	camiseta	blue | camisa | camiseta | casual | clothes | clothing | collar | dressed | roupa | shirt | shopping | t-shirt | tshirt | weekend
👖	7	jeans	blue | calça | casual | clothes | clothing | denim | dressed | jeans | pants | roupa | shopping | trousers | weekend
🧣	7	cachecol	bundle | cachecol | cold | frio | inverno | neck | pescoço | scarf | up
🧤	7	luvas	gloves | hand | inverno | luva | luvas | mão
🧥	7	casaco	agasalho | blusa | brr | bundle | casaco | coat | cold | frio | jacket | jaqueta | up
🧦	7	meias	meia | meias | meião | socks | stocking
👗	7	vestido	clothes | clothing | dress | dressed | fancy | peça única | roupa | shopping | vestido
👘	7	quimono	clothing | comfortable | kimono | quimono | roupa | vestir
🥻	7	sari	clothing | dress | indiana | roupa | sari | vestido | Índia
🩱	7	maiô	banho | bathing | maiô | nadar | one-piece | one-piece swimsuit | praia | roupa | suit | swimsuit
🩲	7	cueca	banho | bathing | briefs | cueca | nadar | one-piece | praia | roupa | suit | sunga | swimsuit | underwear | íntima
🩳	7	shorts	banho | bathing | bermuda | nadar | pants | praia | roupa | shorts | suit | swimsuit | underwear
👙	7	biquíni	banho | bathing | beach | bikini | biquíni | clothing | piscina | pool | praia | roupa | suit | swim
👚	7	roupas femininas	azul | blouse | blusa | camiseta | clothes | clothing | collar | dress | dressed | feminina | lady | roupa | roupas femininas | shirt | shopping | woman | woman’s | woman’s clothes
🪭	7	leque dobrável	abanar | arejar | balançar | calor | clack | clap | cool | cooling | dance | dança | fan | flertar | flirt | flutter | folding | folding hand fan | hand | hot | leque | leque dobrável | quente | refrescar | shy | timidez
👛	7	bolsinha	acessório | bolsa | bolsinha | clothes | clothing | coin | dress | fancy | handbag | moeda | niqueleira | porta | purse | rosa | shopping
👜	7	bolsa de mão	acessório | bag | bolsa | bolsa de mão | clothes | clothing | dress | fashion | handbag | lady | mala | mão | purse | shopping
👝	7	bolsa pequena	acessório | bag | bolsa | bolsa pequena | carteira | clothes | clothing | clutch | clutch bag | dress | fashion | handbag | pequena | pouch | purse
🛍️	7	sacolas de compras	bag | bags | compras | hotel | presente | sacolas | sacolas de compras | shopping | shopping bags
🎒	7	mochila	backpack | backpacking | bag | bolsa | bookbag | education | escola | mochila | rucksack | satchel | school | viagem | viajar
🩴	7	chinelo	alpargatas | beach | chinelo | flip | flop | piscina | praia | rasteirinha | sandal | sandals | sandália | shoe | thong | thong sandal | thongs | zōri
👞	7	sapato masculino	acessório | brown | clothes | clothing | feet | foot | kick | man | man’s | man’s shoe | sapato masculino | sapatos | shoe | shoes | shopping
👟	7	tênis de corrida	acessório | athletic | clothes | clothing | correr | corrida | esportivo | fast | kick | running | running shoe | sapato | shoe | shoes | shopping | sneaker | tennis | tênis | tênis de corrida
🥾	7	bota de trekking	acampamento | acampar | backpacking | boot | bota | bota de trekking | brown | caminhada | camping | hiking | hiking boot | marrom | mochilão | natureza | outdoors | sapato | shoe | trilha
🥿	7	sapatilha	ballet | comfy | confortável | flat | flat shoe | flats | sapatilha | sapatilha de balé | sapato | sem fivela | shoe | slip-on | slipper
👠	7	sapato de salto alto	acessório | alto | chique | clothes | clothing | dress | fashion | heel | heels | high-heeled | high-heeled shoe | moda | mulher | salto | sapato | sapato de salto alto | scarpin | shoe | shoes | shopping | stiletto | woman
👡	7	sandália feminina	acessório | clothing | feminino | médio | salto | sandal | sandália | sandália feminina | shoe | woman | woman’s | woman’s sandal
🩰	7	sapatilha de balé	bailarina | ballet | ballet shoes | balé | dance | dança | sapatilha | sapatilha de balé | shoes
👢	7	bota feminina	acessório | boot | bota | bota feminina | calçado | clothes | clothing | dress | feminina | médio | salto | shoe | shoes | shopping | woman | woman’s | woman’s boot
🪮	7	pente de cabelo	Afro | afro | cabelo | comb | crespo | groom | hair | hair pick | pente | pente de cabelo | pente garfo | pentear | pick | retrô
👑	7	coroa	acessório | clothing | coroa | crown | family | família real | game of thrones | king | medieval | queen | rainha | realeza | rei | reinado | royal | royalty | win
👒	7	chapéu feminino	acessório | chapéu | chapéu feminino | clothes | clothing | fashion | feminino | garden | hat | hats | party | woman | woman’s | woman’s hat
🎩	7	cartola	cartola | chapéu | chique | clothes | clothing | entretenimento | fancy | formal | hat | magic | roupa | top | top hat | tophat
🎓	7	chapéu de formatura	cap | capelo | celebration | chapéu | chapéu de formatura | clothing | comemoração | education | formatura | graduation | graduation cap | hat | scholar
🧢	7	boné	baseball | bent | billed | billed cap | boné | boné de beisebol | cap | chapéu | dad | hat
🪖	7	capacete militar	army | capacete | capacete militar | exército | guerra | guerreiro | helmet | militar | military | military helmet | soldado | soldier | war | warrior
⛑️	7	capacacete de socorrista	aid | ajuda | branca | capacacete de socorrista | capacete | cross | cruz | face | hat | helmet | primeiros | rescue | rescue worker’s helmet | resgate | rosto | salvamento | socorrista | socorros | vermelho | worker’s
📿	7	rosário de oração	acessório | beads | clothing | necklace | oração | prayer | prayer beads | religion | religião | reza | rosário | rosário de oração | terço
💄	7	batom	batom | cosmetics | cosméticos | date | lipstick | makeup | maquiagem | vermelho
💍	7	anel	anel | diamante | diamond | engaged | engagement | married | ring | romance | shiny | sparkling | wedding
💎	7	pedra preciosa	diamante | diamond | engagement | gem | gem stone | jewel | joia | money | pedra preciosa | romance | stone | wedding
🔇	7	alto-falante silenciado	alto-falante | alto-falante silenciado | calar | mudo | mute | muted | muted speaker | quiet | quieto | silenciar | silent | silêncio | som | sound | speaker
🔈	7	alto-falante com volume baixo	alto-falante | alto-falante com volume baixo | baixo | low | mudo | música | silêncio | soft | som | sound | speaker | speaker low volume | volume
🔉	7	alto-falante com volume médio	alto-falante | alto-falante com volume médio | baixo | diminuir | medium | médio | som | sound | speaker | speaker medium volume | volume
🔊	7	alto-falante com volume alto	alto | alto-falante | alto-falante com volume alto | gritar | high | loud | music | música | som | sound | speaker | speaker high volume | volume
📢	7	buzina	address | alto | alto-falante | aviso | buzina | communication | comunicado | discurso | gritar | loud | loudspeaker | megafone | public | sound
📣	7	megafone	aplausos | cheering | comunicação | megafone | megaphone | sound
📯	7	corneta postal	corneta | corneta postal | correios | horn | post | postal | postal horn
🔔	7	sino	bell | break | capela | church | sino | sound
🔕	7	sino silenciado	bell | bell with slash | forbidden | mudo | mute | no | not | notificação | prohibited | proibido | quiet | quieto | sem som | silencioso | silent | silêncio | sino | sino silenciado | slash | sound
🎼	7	partitura musical	music | musical | musical score | música | note | partitura | partitura musical | score
🎵	7	nota musical	music | musical | musical note | música | nota | nota musical | note | sound
🎶	7	notas musicais	music | musical | musical notes | música | nota | notas | notas musicais | note | notes | sound
🎙️	7	microfone de estúdio	estúdio | mic | microfone | microfone de estúdio | microphone | music | música | studio | studio microphone
🎚️	7	controle de volume	controle | controle de volume | level | level slider | music | música | slider | volume
🎛️	7	botões giratórios	botões | botões giratórios | control | control knobs | controle | knobs | music | música
🎤	7	microfone	cantar | entretenimento | karaoke | karaokê | mic | microfone | microphone | music | música | sing | sound
🎧	7	fones de ouvido	earbud | entretenimento | fone | fones de ouvido | headphone | música | ouvido | som | sound
📻	7	rádio	entertainment | radio | radiola | rádio | som | tbt | video | vídeo
🎷	7	saxofone	instrument | instrumento | instrumento musical | music | música | sax | saxofone | saxophone
🪗	7	acordeão	accordion | acordeão | box | concertina | instrument | instrumento | music | música | sanfona | squeeze | squeezebox
🎸	7	guitarra	guitar | guitarra | instrument | instrumento | instrumento musical | music | música | strat
🎹	7	teclado musical	instrument | instrumento | instrumento musical | keyboard | music | musical | musical keyboard | música | piano | teclado | teclado musical
🎺	7	trompete	instrument | instrumento | instrumento musical | music | música | trompete | trumpet
🎻	7	violino	instrument | instrumento | instrumento musical | music | música | violin | violino
🪕	7	banjo	banjo | cordas | instrumento | music | música | stringed
🥁	7	tambor	baquetas | drum | drumsticks | music | música | percussão | tambor
🪘	7	tambor comprido	atabaque | batida | beat | comprido | conga | drum | instrument | instrumento | long | long drum | percussão | rhythm | ritmo | tambor | tambor comprido
🪇	7	maracás	cha | chacoalhar | chocalho | dance | dança | festa | instrument | instrumento | maraca | maracas | maracás | mexer | music | música | party | percussion | percussão | rattle | shake | shaker
🪈	7	flauta	band | banda | fife | flauta | flautim | flautist | flute | instrument | instrumento | marching | marcial | music | música | orchestra | orquestra | piccolo | pife | pipe | pífano | recorder | sopro | tubo | woodwind
🪉	7	harpa	amor | cupid | cupido | harp | harpa | instrument | instrumento | love | music | música | orchestra | orquestra
📱	7	telefone celular	cell | celular | communication | mobile | mobile phone | phone | telefone | telefone celular | telefone móvel | telephone
📲	7	telefone celular com seta	arrow | build | call | cell | celular | chamada | communication | fazer | ligar | mobile | mobile phone with arrow | phone | receber | receive | seta | smartphone | telefone | telefone celular com seta | telephone
☎️	7	telefone no gancho	gancho | phone | telefone | telefone no gancho | telephone
📞	7	telefone	aparelho de telefone | communication | comunicação | phone | receiver | telefone | telephone | telephone receiver | voip
📟	7	pager	communication | comunicação | pager
📠	7	fax	communication | comunicação | fax | fax machine | machine | máquina de fax
🔋	7	pilha	bateria | battery | pilha
🪫	7	pouca bateria	acabando | bateria | battery | cansado | descarregada | drained | electronic | eletrônico | energia | energy | fim | fraca | low | low battery | pilha | pouca | pouca bateria | power | sem
🔌	7	tomada elétrica	cabo | electric | electric plug | electricity | eletricidade | elétrica | energia | plug | plugue | tomada | tomada elétrica
💻	7	laptop	PC | computador | computer | laptop | notebook | office | pc | personal | pessoal | trabalho
🖥️	7	computador de mesa	computador | computador de mesa | computer | desktop | desktop computer | mesa | monitor
🖨️	7	impressora	acessório | computador | computer | documento | impressora | impressão | imprimir | printer
⌨️	7	teclado	acessório | computador | computer | digitação | keyboard | teclado
🖱️	7	mouse	acessório | computador | computer | computer mouse | mouse
🖲️	7	trackball	acessório | bolinha | computador | computer | mouse | trackball
💽	7	minidisc	HD | MD | computação | computer | computer disk | disc | disco | disk | mini | minidisc | minidisk | optical | rígido
💾	7	disquete	computador | computer | disco | disco flexível | disk | disquete | floppy | floppy disk
💿	7	cd	CD | DVD | blu-ray | cd | computador | computer | disco | disk | dvd | optical | optical disk | óptico
📀	7	DVD	Blu-ray | DVD | blu-ray | cd | computador | computer | disco | disk | dvd | optical | óptico
🧮	7	ábaco	abacus | calculadora | calculation | calculator | cálculo | matemática | número | ábaco
🎥	7	câmera de cinema	bollywood | camera | cinema | câmera | câmera de cinema | entretenimento | film | filmar | filme | hollywood | movie | movie camera | record
🎞️	7	rolo de filmes	cinema | film | film frames | filme | frames | movie | rolo de filmes
📽️	7	projetor de filmes	cinema | film | film projector | filme | movie | projector | projetor | projetor de filmes | video | vídeo
🎬	7	claquete	action | board | cena | clapper | clapper board | claquete | entretenimento | filme | movie | tomada
📺	7	televisão	TV | canal | television | televisão | tv | video | vídeo
📷	7	câmera	camera | câmera | foto | photo | selfie | snap | tbt | trip | video | vídeo
📸	7	câmera com flash	camera | camera with flash | câmera | câmera com flash | flash | foto | fotografia | video | vídeo
📹	7	câmera de vídeo	camcorder | camera | câmera | câmera de vídeo | filmadora | tbt | video | video camera | vídeo
📼	7	videocassete	cassete | fita | old | school | tape | vcr | vhs | video | videocassete | videocassette | vídeo
🔍	7	lupa para a esquerda	aumento | busca | esquerda | ferramenta | glass | lab | left | left-pointing | lente | lupa | lupa para a esquerda | magnifying | magnifying glass tilted left | pesquisa | procura | science | search | tilted | tool
🔎	7	lupa para a direita	aumento | busca | contact | direita | ferramenta | glass | lab | lente | lupa | lupa para a direita | magnifying | magnifying glass tilted right | pesquisa | procura | right | right-pointing | science | search | tilted | tool
🕯️	7	vela	acesa | candle | light | luz | vela
💡	7	lâmpada	bulb | comic | electric | elétrica | idea | ideia | light | light bulb | luz | lâmpada | quadrinhos | tenho uma ideia
🔦	7	lanterna	electric | elétrica | ferramenta | flashlight | lanterna | light | luz | tool | torch
🏮	7	lanterna vermelha de papel	bar | izakaya | lantern | lanterna | lanterna vermelha de papel | light | papel | paper | red | red paper lantern | restaurant | restaurante | vermelha
🪔	7	lâmpada de óleo	diya | diya lamp | lamp | light | lâmpada | lâmpada de óleo | oil | óleo
📔	7	caderno decorado	agenda | book | caderno | caderno decorado | capa | cover | decorated | decorative | decoração | education | escola | livro | notebook | notebook with decorative cover | school | writing
📕	7	livro fechado	apostila | book | closed | closed book | education | fechado | livro | livro fechado
📖	7	livro aberto	aberto | biblioteca | book | education | fantasy | knowledge | leitura | lendo | ler | library | livraria | livro | livro aberto | novels | open | open book | reading
📗	7	livro verde	biblioteca | book | caderno | colégio | education | escola | estudar | fantasy | green | green book | lendo | ler | library | livraria | livro | livro verde | reading | verde
📘	7	livro azul	apostila | azul | blue | blue book | book | education | escola | estudo | fantasy | leitura | library | livro | livro azul | reading
📙	7	livro laranja	apostila | book | cartilha | education | fantasy | laranja | library | livro | livro laranja | orange | orange book | reading
📚	7	livros	biblioteca | book | books | education | estudando | estudar | fantasy | knowledge | leitura | lendo | ler | library | livraria | livro | livros | novels | reading | school | study
📓	7	caderno	caderno | folhas | notebook
📒	7	livro contábil	caderno | ledger | livro contábil | notebook
📃	7	página dobrada	curl | dobrado | document | documento | page | page with curl | papel | paper | página | página dobrada
📜	7	pergaminho	paper | pergaminho | rolo de papel | scroll
📄	7	página voltada para cima	document | documento | facing | oficial | page | page facing up | papel | paper | página | página voltada para cima | up
📰	7	jornal	communication | jornal | news | newspaper | notícias | paper
🗞️	7	jornal enrolado	enrolado | jornal | jornal enrolado | news | newspaper | notícias | paper | rolled | rolled-up | rolled-up newspaper
📑	7	marcadores de página	bookmark | bookmark tabs | marcador | marcadores de página | marcar | mark | marker | página | tabs
🔖	7	marcador de página	bookmark | livro | marcador | marcador de página | mark | página
🏷️	7	etiqueta	etiqueta | identificar | label | rótulo | tag
💰	7	saco de dinheiro	bag | bank | bet | billion | cash | cost | dinheiro | dollar | dólares | gold | million | money | money bag | moneybag | paid | paying | pot | rich | saco | saco de dinheiro | win
🪙	7	moeda	coin | dinheiro | dollar | dólar | euro | gold | metal | moeda | money | ouro | prata | real | rica | rich | rico | silver | tesouro | treasure
💴	7	nota de iene	bank | banknote | bill | currency | cédula | dinheiro | grana | iene | moeda | money | nota | nota de iene | note | yen | yen banknote
💵	7	nota de dólar	bank | banknote | bill | currency | dinheiro | dollar | dollar banknote | dólar | moeda | money | nota | nota bancária | nota de dólar | note
💶	7	nota de euro	100 | bank | banknote | bill | currency | cédula | dinheiro | euro | euro banknote | grana | moeda | money | nota | nota de euro | note | rich
💷	7	nota de libra	bank | banknote | bill | billion | cash | currency | cédula | dinheiro | grana | libra | moeda | money | nota | nota de libra | note | pound | pound banknote | pounds
💸	7	dinheiro voando	asas | banco | bank | banknote | bill | billion | cash | cédula | dinheiro | dinheiro indo embora | dinheiro voando | dollar | fly | million | money | money with wings | nota | note | pay | voando | wings
💳	7	cartão de crédito	banco | bank | card | cartão | cartão de crédito | cash | charge | credit | credit card | crédito | dinheiro | débito | money | pay
🧾	7	recibo	accounting | bookkeeping | contabilidade | escrituração | evidence | evidência | fatura | invoice | proof | prova | receipt | recibo
💹	7	gráfico subindo com iene	ascendente | ascensão | bank | chart | chart increasing with yen | crescimento | currency | dinheiro | graph | growth | gráfico | gráfico subindo com iene | iene | iene em alta | increasing | market | mercado | money | rise | trend | upward | yen
✉️	7	envelope	carta | correspondência | e-mail | email | envelope | letter
📧	7	e-mail	carta | comunicação | correspondência | e-mail | email | letter | mail
📨	7	envelope chegando	carta | chegando | comunicação | correspondência | delivering | e-mail | email | envelope | envelope chegando | incoming | incoming envelope | letter | mail | nova | recebida | receive | sent
📩	7	envelope com seta	arrow | carta | communication | comunicação | correspondência | down | e-mail | email | envelope | envelope com seta | envelope with arrow | letter | mail | outgoing | send | sent | seta
📤	7	bandeja de saída	bandeja | bandeja de saída | box | caixa | comunicação | correspondência | email | enviada | letter | mail | outbox | outbox tray | saída | sent | tray
📥	7	bandeja de entrada	bandeja | bandeja de entrada | box | caixa | comunicação | correspondência | e-mail | email | entrada | inbox | inbox tray | letter | mail | recebida | recebido | receive | tray | zero
📦	7	pacote	box | caixa | communication | delivery | embrulho | package | pacote | parcel | shipping
📫	7	caixa de correio fechada com bandeira levantada	bandeira | caixa | caixa de correio fechada com bandeira levantada | closed | closed mailbox with raised flag | communication | correio | correspondência | fechada | flag | levantada | mail | mailbox | postbox | raised
📪	7	caixa de correio fechada com bandeira abaixada	abaixada | bandeira | caixa | caixa de correio fechada com bandeira abaixada | closed | closed mailbox with lowered flag | correio | correspondência | fechada | flag | lowered | mail | mailbox | postbox | vazia
📬	7	caixa de correio aberta com bandeira levantada	aberta | bandeira | caixa de correio aberta com bandeira levantada | caixa de correspondência aberta com bandeira levantada | correspondência | flag | mail | mailbox | open | open mailbox with raised flag | postbox | raised
📭	7	caixa de correio aberta com bandeira abaixada	aberta | bandeira | caixa de correio aberta com bandeira abaixada | caixa de correspondência aberta com bandeira abaixada | caixa de correspondência aberta e vazia | correspondência | flag | lowered | mail | mailbox | open | open mailbox with lowered flag | postbox
📮	7	caixa de correio	caixa | caixa de correio | carta | correio | correspondência | enviar | mail | mailbox | postbox
🗳️	7	urna eleitoral com cédula	ballot | ballot box with ballot | box | cédula | eleitoral | eleição | urna | urna eleitoral com cédula | votar | voto
✏️	7	lápis	lápis | pencil
✒️	7	ponta de caneta tinteiro	black | black nib | caneta | nib | pen | ponta | ponta de caneta tinteiro | preto | tinta | tinteiro
🖋️	7	caneta tinteiro	caneta | caneta tinteiro | destro | fountain | fountain pen | pen | tinteiro
🖊️	7	caneta	ballpoint | caneta | esferográfica | pen | tinteiro
🖌️	7	pincel	paintbrush | painting | pincel | pintando | pintar
🖍️	7	giz de cera	cera | crayon | desenho | giz | giz de cera | vermelho
📝	7	memorando	anotações | caderno | communication | comunicação | lápis | media | memo | memorando | notas | notes | pencil
💼	7	maleta	briefcase | mala | maleta | office | pasta
📁	7	pasta de arquivos	arquivo | file | file folder | folder | pasta | pasta de arquivos
📂	7	pasta de arquivos aberta	aberta | abrir | arquivo | file | folder | open | open file folder | pasta | pasta de arquivos aberta
🗂️	7	divisores de pastas	arquivo | card | card index dividers | dividers | divisor | divisores de pastas | index | organizador | pasta | índice
📅	7	calendário	calendar | calendário | data | datas | date
📆	7	calendário com folhas destacáveis	calendar | calendário | calendário com folhas destacáveis | data | destacáveis | destacável | dia | folha | páginas | tear-off | tear-off calendar | várias
🗒️	7	bloco espiral	bloco | bloco espiral | caderno | espiral | note | notepad | pad | spiral | spiral notepad
🗓️	7	calendário espiral	bloco | calendar | calendário | calendário espiral | data | espiral | pad | spiral | spiral calendar
📇	7	índice de cartões	card | card index | index | old | rolodex | school | índice | índice de cartões
📈	7	gráfico subindo	chart | chart increasing | crescimento | data | diagrama | graph | growth | gráfico | gráfico de tendência de crescimento | gráfico subindo | increasing | right | tendência de crescimento | trend | up | upward
📉	7	gráfico caindo	chart | chart decreasing | data | decreasing | diagrama | down | downward | graph | gráfico | gráfico caindo | gráfico de tendência negativa | negativa | negative | tendência negativa | trend
📊	7	gráfico de barras	bar | bar chart | barra | chart | data | diagrama | graph | gráfico | gráfico de barras
📋	7	prancheta	anotações | clipboard | do | list | notes | prancheta
📌	7	tacha	alfinete | collage | pin | pushpin | tacha
📍	7	tacha redonda	alfinete | localização | location | map | mapa | pin | pushpin | redonda | round | round pushpin | tacha | tacha redonda
📎	7	clipe de papel	clipe | clipe de papel | paperclip
🖇️	7	clipes de papel conectados	clipe | clipes | clipes de papel | clipes de papel conectados | link | linked | linked paperclips | paperclip | paperclips
📏	7	régua reta	angle | edge | math | ruler | régua | régua reta | straight | straight ruler | straightedge
📐	7	régua triangular	angle | geometria | matemática | math | rule | ruler | régua | régua triangular | set | slide | triangle | triangular | triangular ruler | triângulo | ângulo
✂️	7	tesoura	aberta | cortar | cut | cutting | ferramenta | paper | scissors | tesoura | tool
🗃️	7	caixa de arquivos	arquivo | box | caixa | caixa de arquivos | card | card file box | cartão | documentos | ficheiro | file
🗄️	7	gavetas de escritório	arquivo | cabinet | escritório | file | file cabinet | filing | gabinete | gavetas | gavetas de escritório | paper
🗑️	7	lixeira	can | cesto | garbage | lixeira | lixo | trash | waste | wastebasket
🔒	7	cadeado	cadeado | closed | fechado | lock | locked | private | trancado
🔓	7	cadeado aberto	aberto | cadeado | cadeado aberto | cracked | destrancado | lock | open | unlock | unlocked
🔏	7	cadeado com caneta	cadeado | cadeado com caneta | caneta | ink | lock | locked | locked with pen | nib | pen | privacidade | privacy | privado | tinteiro
🔐	7	cadeado fechado com chave	bike | cadeado | cadeado fechado com chave | chave | closed | fechado | key | lock | locked | locked with key | secure | seguro | trancado
🔑	7	chave	chave | key | keys | lock | major | password | senha | trancado | trancar | unlock
🗝️	7	chave antiga	antiga | chave | chave antiga | clue | fechadura | key | lock | old | old key
🔨	7	martelo	construção | ferramenta | hammer | home | improvement | martelada | martelo | repairs | reparo | tool
🪓	7	machado	ax | axe | chop | cortar | hatchet | machado | madeira | partir | split | wood
⛏️	7	picareta	ferramenta | hammer | mineração | mining | picareta | pick | tool
⚒️	7	martelo e picareta	ferramenta | geologia | hammer | hammer and pick | martelo | martelo e picareta | picareta | pick | tool
🛠️	7	martelo e chave-inglesa	chave | chave-inglesa | ferramenta | hammer | hammer and wrench | inglesa | martelo | martelo e chave-inglesa | spanner | tool | wrench
🗡️	7	adaga	adaga | arma | dagger | faca | knife | weapon
⚔️	7	espadas cruzadas	arma | batalha | crossed | crossed swords | cruzadas | espadas | espadas cruzadas | guerra | swords | weapon
💣	7	bomba	bomb | bomba | boom | comic | dangerous | emoção | engraçado | explosion | explosivo | explosão | hot | perigo
🪃	7	bumerangue	aborígene | arma | austrália | boomerang | bumerangue | rebote | rebound | repercussion | repercussão | weapon
🏹	7	arco e flecha	Sagittarius | archer | archery | arco | arco e flecha | arma | arrow | bow | bow and arrow | flecha | sagitário | tool | weapon | zodiac | zodíaco
🛡️	7	escudo	arma | escudo | shield | weapon
🪚	7	serrote	carpenter | carpentry | carpentry saw | carpinteiro | cortar | cut | ferramenta | lumber | madeira | saw | serra | serrar | serrote | tool | trim
🔧	7	chave inglesa	chave | chave inglesa | ferramenta | home | improvement | inglesa | obra | reforma | spanner | tool | wrench
🪛	7	chave de fenda	chave de fenda | ferramenta | flathead | handy | screw | screwdriver | tool
🔩	7	porca e parafuso	bolt | construção | ferramenta | home | improvement | nut | nut and bolt | parafuso | porca | porca e parafuso | tool
⚙️	7	engrenagem	cog | cogwheel | engrenagem | ferramenta | gear | tool
🗜️	7	braçadeira	braçadeira | clamp | compress | compressão | ferramenta | morsa | tool | torno | vice
⚖️	7	balança	Libra | balance | balance scale | balança | ferramenta | justice | justiça | libra | peso | scale | scales | tool | weight | zodiac | zodíaco
🦯	7	bengala para cegos	accessibility | acessibilidade | bengala | bengala para cegos | blind | cane | cega | cego | cegueira | deficiente | probing | visual | white | white cane
🔗	7	link	anéis | corrente | dois | link | links | símbolo | vínculo
⛓️‍💥	7	corrente quebrada	algema | break | breaking | broken | broken chain | chain | corrente | corrente quebrada | cuffs | freedom | liberdade | quebrada | quebrando | quebrar
⛓️	7	correntes	chain | chains | corrente | correntes | metal
🪝	7	gancho	atração para venda | bandido | catch | crook | curva | curve | ensnare | gancho | hook | pegar | point | prender | selling
🧰	7	caixa de ferramentas	box | caixa | caixa de ferramentas | chest | ferramenta | mechanic | mecânico | red | tool | toolbox | vermelha
🧲	7	ímã	atração | attraction | ferradura | horseshoe | magnet | magnetic | magnético | negative | positive | positivo-negativo | shape | u | ímã
🪜	7	escada	climb | degrau | escada | ladder | mão | rung | step | subir
🪏	7	pá	buraco | bury | cavar | dig | garden | hole | pazinha | plant | pá | scoop | shovel | snow | spade
⚗️	7	alambique	alambique | alembic | chemistry | ferramenta | química | tool
🧪	7	tubo de ensaio	chemist | chemistry | ciência | ensaio | experiment | experimento | experiência | lab | laboratório | química | químico | science | test | test tube | tube | tubo | tubo de ensaio
🧫	7	placa de Petri	Petri | bacteria | bactéria | biologia | biologist | biologista | biology | biólogo | ciência | cultura | culture | dish | lab | laboratório | petri | petri dish | placa | placa de Petri
🧬	7	dna	biologist | biologista | biólogo | código | dna | evolution | evolução | gene | genetics | genética | genético | life | vida
🔬	7	microscópio	ciência | experiment | ferramenta | lab | microscope | microscópico | microscópio | science | tool
🔭	7	telescópio	ciência | contact | extraterrestrial | ferramenta | science | telescope | telescópio | tool
📡	7	antena parabólica	aliens | antena | antena parabólica | antenna | comunicação | contact | dish | parabólica | satellite | satellite antenna | satélite | science
💉	7	seringa	agulha | doctor | flu | injeção | medicine | médico | needle | remédio | seringa | shot | sick | syringe | tool | vaccination | vacina | vacinação
🩸	7	gota de sangue	bleed | blood | doação | donation | drop | drop of blood | gota | gota de sangue | injury | medicina | medicine | menstruation | menstruação | sangrar | sangue
💊	7	comprimido	comprimido | cápsula | doctor | drugs | medicated | medicina | medicine | médico | pill | pills | pílula | remédio | sick | vitamin
🩹	7	atadura adesiva	adesiva | adhesive | adhesive bandage | atadura | atadura adesiva | bandage | bandaid | bandeide | curativo
🩼	7	muleta	aid | ajuda | bastão | bengala | cane | crutch | deficiência | desculpa | disability | help | hurt | injured | lesão | machucar | mobilidade | mobility | muleta | stick
🩺	7	estetoscópio	coração | doctor | estetoscópio | heart | medicina | medicine | médica | médico | stethoscope | tum tum
🩻	7	raio x	bones | doctor | doutor | esqueleto | medical | médico | ossos | radiografia | raio x | skeleton | skull | x-ray | xray
🚪	7	porta	back | closet | door | fechada | front | porta
🛗	7	elevador	accessibility | acessibilidade | descer | elevador | elevar | elevator | hoist | lift | subir
🪞	7	espelho	espelho | espéculo | makeup | maquiagem | mirror | reflection | reflector | refletor | reflexo | reflexão | speculum
🪟	7	janela	abertura | air | ar | frame | fresco | fresh | janela | opening | quadro | transparent | transparente | vidro | view | vista | window
🛏️	7	cama	bed | cama | dormir | hotel | sleep | sono
🛋️	7	sofá e luminária	couch | couch and lamp | hotel | lamp | lâmpada | sofá | sofá e luminária
🪑	7	cadeira	assento | cadeira | chair | seat | sentar | sit
🚽	7	vaso sanitário	banheiro | bathroom | patente | privada | sanitário | toalete | toilet | vaso | vaso sanitário
🪠	7	desentupidor	banheiro | cocô | cup | desentupidor | encanador | fezes | force | plumber | plunger | poop | sanitário | suction | sucção | toilet | vaso
🚿	7	chuveiro	banho | chuveiro | ducha | shower | water | água
🛁	7	banheira	banheira | banho | bath | bathtub
🪤	7	ratoeira	armadilha | atrair | bait | cheese | isca | lure | mouse | mouse trap | mousetrap | prender | queijo | ratoeira | snare | trap
🪒	7	lâmina	afiada | afiado | barbeador | barbear | depilar | gilete | lâmina | raspar | razor | sharp | shave
🧴	7	frasco de loção	bottle | condicionador | creme | frasco | frasco de loção | hidratante | lotion | lotion bottle | loção | moisturizer | protetor | shampoo | solar | sunscreen | xampu
🧷	7	alfinete de segurança	alfinete | alfinete de segurança | diaper | fralda | pin | punk | rock | safety | safety pin
🧹	7	vassoura	broom | bruxa | cleaning | limpar | limpeza | sweeping | varrer | vassoura | witch
🧺	7	cesta	agricultura | agrícola | basket | cesta | farming | laundry | lavanderia | lavoura | picnic | piquenique | roupa | suja
🧻	7	rolo de papel	higiênico | papel | paper | roll | roll of paper | rolo | rolo de papel | toalha | toilet | towels
🪣	7	balde	balde | baldinho | barril | bucket | cask | pail | vat
🧼	7	sabonete	banho | bar | barra | bathing | clean | cleaning | espuma | lather | limpar | limpeza | sabonete | saboneteira | soap | soapdish
🫧	7	bolhas	aquática | aquático | arroto | bolha | bolhas | bubble | bubbles | burp | clean | embaixo d’água | floating | flutuar | limpo | pearl | pérolas | sabão | soap | underwater | água
🪥	7	escova de dentes	banheiro | bathroom | brush | clean | dental | dentes | escova | escova de dentes | higiene | hygiene | limpeza | teeth | toiletry | toothbrush
🧽	7	esponja	absorbing | absorvente | absorção | cleaning | encharcar | esponja | limpeza | porosa | poroso | porous | soak | sponge
🧯	7	extintor de incêndio	apagar | extinguir | extinguish | extinguisher | extintor | extintor de incêndio | fire | fire extinguisher | fogo | incêndio | quench
🛒	7	carrinho de compras	carrinho | carrinho de compras | cart | compras | mercado | shopping | shopping cart | supermercado | trolley
🚬	7	cigarro	cigarette | cigarro | fumante | fumar | fumo | smoking | símbolo | símbolo para “É permitido fumar” | é permitido fumar
⚰️	7	caixão	caixão | caixão funerário | coffin | dead | death | funeral | morte | vampire | velório
🪦	7	lápide	cemetery | cemitério | dead | descanse em paz | grave | graveyard | headstone | lápide | memorial | morto | rip | sepultura | tomb | tombstone | tumba | túmulo
⚱️	7	urna funerária	ashes | cinzas | death | funeral | funeral urn | morte | urn | urna | urna funerária
🧿	7	olho grego	amulet | amuleto | bead | blue | charm | conta | evil-eye | grego | mau-olhado | miçanga | nazar | nazar amulet | olho | olho grego | talisman | talismã
🪬	7	hamsá	Fatima | Fátima | Maria | Mary | Miriam | amulet | amuleto | fortune | guia | guide | hamsa | hamsá | hand | mão | palm | palma | protect | protection | proteção | sorte
🗿	7	moai	Moyai | estátua | face | moai | moyai | rosto | statue | stoneface | travel
🪧	7	placa	aviso | card | cartaz | demonstration | demonstração | letreiro | notice | picket | piquete | placa | placard | plaque | protest | protesto | sign | sinal
🪪	7	cartão de identificação	ID | RG | card | carta | carteira | cartão | cartão de identificação | crachá | credenciais | credentials | document | documento | habilitação | identidade | identification | identification card | license | licença | motorista | security | segurança
🏧	8	símbolo de caixa automático	ATM | ATM sign | automated | automático | banco | bank | caixa | cash | dinheiro | eletrônico | grana | money | saque | sign | símbolo | símbolo de caixa automático | teller
🚮	8	símbolo de lixeira	bin | coloque o lixo no lixo | lata | litter | litter in bin sign | litterbin | lixeira | lixo | sign | símbolo | símbolo de lixeira
🚰	8	água potável	beber | drinking | potable | potable water | potável | símbolo | torneira | water | água | água potável
♿	8	símbolo de cadeira de rodas	access | acesso | cadeira | handicap | rodas | sinal | symbol | símbolo | símbolo de cadeira de rodas | wheelchair | wheelchair symbol
🚹	8	banheiro masculino	WC | banheiro | banheiro masculino | bathroom | homem | lavatory | lavatório | man | masculino | men’s | men’s room | restroom | room | símbolo | toalete | toilet | wc
🚺	8	banheiro feminino	WC | banheiro | banheiro feminino | bathroom | feminino | lavabo | lavatory | lavatório | mulher | restroom | room | símbolo | toalete | toilet | wc | woman | women’s | women’s room
🚻	8	banheiro	WC | banheiro | bathroom | lavabo | lavatory | restroom | sanitário | símbolo | toalete | toilet
🚼	8	símbolo de bebê	baby | baby symbol | bebê | changing | fralda | fraldário | symbol | símbolo | símbolo de bebê | trocar
🚾	8	WC	WC | bathroom | closet | latrina | lavabo | lavatory | privada | restroom | toalete | toilet | vaso sanitário | water | water closet
🛂	8	controle de passaportes	control | controle | controle de passaportes | passaporte | passport | passport control
🛃	8	alfândega	aduana | aduaneira | alfândega | bens | customs | federal | impostos | packing | receita
🛄	8	restituição de bagagem	aeroporto | arrived | bagagem | bagagens | baggage | baggage claim | bags | case | checked | claim | esteira | férias | journey | mala | packing | plane | ready | recolhimento | restituição | restituição de bagagem | travel | trip | viagem | área
🛅	8	depósito de bagagem	bagagem | baggage | case | depósito | depósito de bagagem | esquecida | left | left luggage | locker | luggage | malas | serviço
⚠️	8	aviso	atenção | aviso | caution | cuidado | sinal | warning
🚸	8	crianças atravessando	atravessando | child | children | children crossing | criança | crianças | crianças atravessando | crossing | pedestre | pedestrian | símbolo | traffic | tráfego
⛔	8	entrada proibida	do | entrada | entrada proibida | entre | entry | fail | forbidden | no | no entry | not | não | pass | placa | prohibited | proibida | proibido | sinal | traffic | trânsito
🚫	8	proibido	entrada | entry | forbidden | no | not | não | prohibited | proibida | proibido | sinal | smoke | símbolo
🚳	8	proibido andar de bicicleta	bicicleta | bicycle | bicycles | bike | forbidden | no | no bicycles | not | não | permitidas | prohibited | proibido | proibido andar de bicicleta | sem
🚭	8	proibido fumar	cigarro | forbidden | fumar | no | no smoking | not | não é permitido fumar | prohibited | proibido | proibido fumar | smoke | smoking | símbolo
🚯	8	proibido jogar lixo no chão	forbidden | jogar | litter | littering | lixo | no | no littering | not | não | não jogue lixo no chão | prohibited | proibido | proibido jogar lixo no chão | símbolo
🚱	8	água não potável	consumo | dry | imprópria | non-drinking | non-potable | non-potable water | não | potável | prohibited | proibido | seco | sem | water | água | água não potável
🚷	8	proibida a passagem de pedestres	forbidden | no | no pedestrians | not | não | passagem | pedestre | pedestrian | pedestrians | permitidos | prohibited | proibida | proibida a passagem de pedestres | proibido
📵	8	proibido o uso de telefone celular	cel | cell | celular | forbidden | mobile | no | no mobile phones | not | não | permitidos | phone | phones | prohibited | proibido | proibido o uso de telefone celular | sem | smartphone | telefone | telephone
🔞	8	proibido para menores de 18 anos	18 | age | anos | dezoito | eighteen | forbidden | idade | menor | menores | no | no one under eighteen | not | one | prohibited | proibido | proibido para menores de 18 anos | restriction | restrição | underage
☢️	8	radioativo	perigo | radiativo | radiação | radioactive | radioativo | sign | sinal | símbolo
☣️	8	risco biológico	biohazard | biológico | ciência | perigo | resíduos | resíduos biológicos | risco | risco biológico | sign
⬆️	8	seta para cima	arrow | cardinal | direction | direção | norte | north | seta | seta para cima | up | up arrow
↗️	8	seta para cima e para a direita	arrow | diagonal | direction | direita | direção | flecha | intercardinal | nordeste | northeast | seta | seta para cima e para a direita | superior | up-right | up-right arrow
➡️	8	seta para a direita	arrow | cardinal | direction | direita | direção | east | flecha | leste | right | right arrow | seta | seta para a direita
↘️	8	seta para baixo e para a direita	arrow | diagonal | direction | direita | direção | down-right | down-right arrow | flecha | inferior | intercardinal | seta | seta para baixo e para a direita | southeast | sudeste
⬇️	8	seta para baixo	abaixo | arrow | baixo | cardinal | direction | direção | down | down arrow | embaixo | flecha | seta | seta para baixo | south | sul
↙️	8	seta para baixo e para a esquerda	arrow | diagonal | direction | direção | down-left | down-left arrow | esquerda | flecha | inferior | intercardinal | seta | seta para baixo e para a esquerda | southwest | sudoeste
⬅️	8	seta para a esquerda	arrow | atrás | cardinal | direction | direção | esquerda | flecha | left | left arrow | oeste | seta | seta para a esquerda | voltar | west
↖️	8	seta para cima e para a esquerda	arrow | diagonal superior esquerda | direction | direção | flecha | intercardinal | noroeste | northwest | seta | seta para cima e para a esquerda | seta para esquerda superior | up-left | up-left arrow
↕️	8	seta para cima e para baixo	arrow | flecha | para baixo | para cima | seta | seta para cima e para baixo | up-down | up-down arrow | vertical
↔️	8	seta para esquerda e direita	arrow | flecha | horizontal | lados | left-right | left-right arrow | seta | seta para esquerda e direita
↩️	8	seta curva da direita para a esquerda	arrow | curva | curving | flecha | left | retorno | right | right arrow curving left | seta | seta curva da direita para a esquerda | seta curva da direita para esquerda | voltar à esquerda
↪️	8	seta curva da esquerda para a direita	arrow | curva | curving | flecha | left | left arrow curving right | retorno | right | seta | seta curva da esquerda para a direita | seta curva da esquerda para direita | voltar à direita
⤴️	8	seta para a direita curvada para cima	arrow | curva | curving | flecha | right | right arrow curving up | seta | seta curva de baixo para cima | seta para a direita curvada para cima | seta para cima | up
⤵️	8	seta para a direita curvada para baixo	arrow | curva | curving | down | embaixo | flecha | right | right arrow curving down | seta curva de cima para baixo | seta para a direita curvada para baixo | seta para baixo
🔃	8	setas verticais no sentido horário	arrow | arrows | clockwise | clockwise vertical arrows | flechas | recarregar | refresh | reload | sentido horário | seta | setas | setas em sentido horário na vertical | setas verticais no sentido horário | símbolo de recarregar | vertical
🔄	8	botão de setas em sentido anti-horário	again | anti-horário | anticlockwise | arrow | arrows | atualizar | botão de setas em sentido anti-horário | botão de setas no sentido anti-horário | button | counterclockwise | counterclockwise arrows button | deja | refresh | rewindershins | sentido anti-horário | seta | setas | setas em sentido anti-horário | vu
🔙	8	seta "BACK"	BACK | BACK arrow | arrow | flecha | seta | seta "BACK" | seta para a esquerda | seta para voltar | voltar | voltar com seta para a esquerda
🔚	8	seta "END"	END | END arrow | arrow | fim | fim com seta para a esquerda | final | seta | seta "END" | seta para a esquerda | seta para ir para o fim
🔛	8	seta "ON!"	ON! | ON! arrow | arrow | flecha | marca | mark | on | seta | seta "ON!" | seta “ON”
🔜	8	seta "SOON"	SOON | SOON arrow | arrow | brb | em breve | flecha | omw | seta | seta "SOON" | soon | símbolo “Soon” | “Soon” com seta para a direita
🔝	8	seta "TOP"	TOP | TOP arrow | arrow | cima | homie | para cima | seta | seta "TOP | seta "TOP" | seta para cima | símbolo top | top | top com seta para cima | up
🛐	8	local de culto	culto | local de culto | local sagrado | oração | place | place of worship | pray | religion | religião | reza | worship
⚛️	8	símbolo de átomo	ateu | ateísmo | atheist | atom | atom symbol | symbol | símbolo de átomo | símbolo do ateísmo | átomo
🕉️	8	om	Hindu | hindu | om | religion | religião
✡️	8	estrela de Davi	David | Jew | Jewish | davi | estrela | estrela de Davi | judaico | judaism | judeu | religion | religião | star | star of David
☸️	8	roda do Dharma	Buddhist | budista | dharma | religion | religião | roda | roda do Dharma | wheel | wheel of dharma
☯️	8	yin yang	difficult | lives | religion | religião | tao | taoist | taoista | taoistas | total | yang | yin | yin yang | yin-yang | yinyang
✝️	8	cruz latina	Christian | christ | cristão | cross | cruz | cruz latina | latin | latin cross | religion | religião
☦️	8	cruz ortodoxa	Christian | cristão | cross | cruz | cruz ortodoxa | orthodox | orthodox cross | religion | religião
☪️	8	estrela e lua crescente	Muslim | crescent | estrela e lua crescente | islam | islã | muçulmano | ramadan | religion | religião | star | star and crescent | símbolo islã
☮️	8	símbolo da paz	healing | paz | peace | peace symbol | peaceful | symbol | símbolo | símbolo da paz
🕎	8	menorá	candelabro | candelabro judeu | candelabrum | candlestick | castiçal | hanukkah | jewish | judaism | judaísmo | memorah | menorah | menorá | religion | religião
🔯	8	estrela de seis pontas	adivinhação | destino | dotted | dotted six-pointed star | estrela de seis pontas | fortune | jewish | judaism | seis pontas | six-pointed | star
🪯	8	khanda	Deg | Deg Tegh Fateh | Fateh | Khalsa | Khanda | Sikh | Sikhism | Sikhismo | Tegh | fé | khanda | religion | religião | siquismo
♈	8	signo de Áries	Aries | carneiro | horoscope | ram | signo de Áries | zodiac | zodíaco | Áries
♉	8	signo de Touro	Taurus | boi | bull | horoscope | ox | signo de Touro | touro | zodiac | zodíaco
♊	8	signo de Gêmeos	Gemini | gêmeos | horoscope | signo de Gêmeos | twins | zodiac | zodíaco
♋	8	signo de Câncer	Cancer | caranguejo | crab | câncer | horoscope | signo de Câncer | zodiac | zodíaco
♌	8	signo de Leão	Leo | horoscope | leão | lion | signo de Leão | zodiac | zodíaco
♍	8	signo de Virgem	Virgo | horoscope | signo de Virgem | virgem | zodiac | zodíaco
♎	8	signo de Libra	Libra | balance | balança | horoscope | justice | justiça | libra | scales | signo de Libra | signo de Virgem | zodiac | zodíaco
♏	8	signo de Escorpião	Scorpio | Scorpius | escorpião | horoscope | scorpion | signo de Escorpião | zodiac | zodíaco
♐	8	signo de Sagitário	Sagittarius | archer | arqueiro | horoscope | sagitário | signo de Sagitário | zodiac | zodíaco
♑	8	signo de Capricórnio	Capricorn | cabra | capricórnio | goat | horoscope | signo de Capricórnio | zodiac | zodíaco
♒	8	signo de Aquário	Aquarius | aquário | bearer | horoscope | signo de Aquário | water | zodiac | zodíaco | água
♓	8	signo de Peixes	Pisces | fish | horoscope | peixes | signo de Peixes | zodiac | zodíaco
⛎	8	signo de Ofiúco	Ofiúco | Ophiuchus | bearer | cobra | serpent | serpente | signo de Ofiúco | snake | zodiac | zodíaco
🔀	8	botão de músicas aleatórias	arrow | botão de músicas aleatórias | button | crossed | cruzadas | flechas | seta | setas | setas cruzadas em direção à direita | shuffle | shuffle tracks button | tracks
🔁	8	botão de repetir	arrow | botão de repetir | button | clockwise | flechas | horário | repeat | repeat button | repetir | sentido horário | seta | setas | setas em sentido horário
🔂	8	botão de repetir uma única faixa	arrow | botão de repetir | botão de repetir uma única faixa | button | clockwise | horário | número 1 | once | repeat | repeat single button | repetir | repetir uma vez | sentido horário | seta | setas | setas em sentido horário com número 1 | single | uma vez
▶️	8	botão reproduzir	arrow | botão reproduzir | button | direita | play | play button | reproduzir | right | seta | seta para a direita | triangle | triângulo
⏩	8	botão avançar	arrow | avançar | botão avançar | button | direita | double | dupla | fast | fast-forward | fast-forward button | flechas | forward | passar para a frente | rápido | seta | seta dupla para a direita
⏭️	8	botão de próxima faixa	arrow | avançar | botão de próxima faixa | button | flechas duplas | next | next track button | passar para frente | próxima cena | próxima faixa | scene | seta | seta dupla para a direita | track | triangle
⏯️	8	botão de reproduzir ou pausar	arrow | botão | botão de reproduzir ou pausar | button | direita | pausar | pause | play | play or pause button | reproduzir | reproduzir ou pausar | right | seta | seta para a direita | triangle | triângulo
◀️	8	botão de voltar	arrow | botão de voltar | button | esquerda | left | reverse | reverse button | seta | seta para a esquerda | triangle | triângulo | voltar
⏪	8	botão de retroceder	arrow | botão de retroceder | button | double | dupla | esquerda | fast | fast reverse button | retroceder | reverse | rewind | seta | seta dupla para a esquerda | seta dupla para trás | voltar
⏮️	8	botão de faixa anterior	anterior | arrow | botão de faixa anterior | button | cena anterior | faixa anterior | flechas para esquerda | last | last track button | previous | scene | seta | seta dupla para a esquerda | setas para a esquerda | track | triangle | triângulo | voltar | última faixa
🔼	8	botão apontando para cima	acima | arrow | botão | botão apontando para cima | botão de triângulo apontando para cima | button | para cima | red | seta | triângulo | triângulo apontando para cima | up | upwards | upwards button | vermelho
⏫	8	botão de avanço para cima	arrow | botão de avanço para cima | button | double | dupla | fast | fast up button | flechas para cima | para cima | seta | seta dupla para cima | up
🔽	8	botão apontando para baixo	arrow | botão | botão apontando para baixo | botão de triângulo apontando para baixo | button | down | downwards | downwards button | para baixo | red | seta | triângulo | triângulo apontando para baixo | vermelho
⏬	8	botão de avanço para baixo	arrow | botão de avanço para baixo | button | double | down | fast | fast down button | flechas | flechas para baixo | para baixo | retroceder rápido | seta | seta dupla para baixo
⏸️	8	botão pausar	bar | barra | botão pausar | button | double | dupla | pausado | pausar | pause | pause button | vertical
⏹️	8	botão parar	botão parar | button | parar | quadrado | square | stop | stop button
⏺️	8	botão gravar	botão | botão gravar | button | circle | círculo | gravar | record | record button
⏏️	8	botão ejetar	botão ejetar | button | eject | eject button | ejetar
🎦	8	cinema	camera | cinema | entretenimento | film | filme | movie | símbolo do cinema
🔅	8	botão de diminuir brilho	botão de diminuir brilho | brightness | brilho | button | dim | dim button | diminuir | escurecer | low | símbolo para reduzir brilho
🔆	8	botão de aumentar brilho	aumentar brilho | botão de aumentar brilho | bright | bright button | brightness | brilho | button | light | símbolo para aumentar brilho
📶	8	barras de sinal	antena | antena com barras | antenna | antenna bars | bar | barras de sinal | bars | cell | celular | communication | conexão | força do sinal | internet | mobile | phone | signal | sinais de telefonia móvel | telefone | telephone
🛜	8	sem fio	banda larga | broadband | computador | computer | conectividade | connectivity | hotspot | internet | network | ponto de acesso | rede | roteador | router | sem fio | smartphone | wi-fi | wifi | wireless | wlan
📳	8	modo vibratório	cel | cell | celular | communication | mobile | mode | modo | modo vibratório | phone | smartphone | telefone | telephone | vibration | vibration mode | vibração
📴	8	telefone celular desligado	cell | celular | desligado | desligue o celular | mobile | mobile phone off | off | phone | smartphone | telefone | telefone celular desligado | telephone
♀️	8	símbolo de feminino	female | female sign | feminino | mulher | sign | símbolo de feminino | woman
♂️	8	símbolo de masculino	homem | male | male sign | man | masculino | sign | símbolo de masculino
⚧️	8	símbolo transgênero	symbol | símbolo transgênero | transgender | transgender symbol | transgênero
✖️	8	sinal de multiplicação	X | X preto | cancel | cancelar | multiplicar | multiplication | multiplicação | multiply | sign | sinal de multiplicação | x | x de multiplicação | ×
➕	8	símbolo de adição	+ | cruz | mais | matemática | plus | sinal | sinal de maior | sinal de mais | somar | símbolo de adição
➖	8	símbolo de subtração	- | diminuir | heavy | matemática | math | menos | minus | sign | sinal | sinal de menos | símbolo de subtração | travessão | −
➗	8	símbolo de divisão	divide | dividir | division | divisão | heavy | matemática | math | sign | sinal | sinal de divisão | sinal de divisão grande | símbolo de divisão | ÷
🟰	8	sinal de igual	answer | conta | equal | equality | equals | heavy | heavy equals sign | iguais | igual | igualdade | matemática | math | resposta | resultado | sign | sinal de igual
♾️	8	infinito	eternidade | forever | ilimitado | infinito | infinity | unbounded | universal
‼️	8	dupla exclamação	! | !! | bangbang | double | double exclamation mark | dupla exclamação | exclamation | exclamação | exclamação dupla | explosão | mark | ponto de exclamação duplo | pontuação | punctuation
⁉️	8	exclamação com interrogação	! | !? | ? | exclamation | exclamation question mark | exclamação | exclamação com interrogação | interrobang | interrogação | mark | pergunta | pontuação | punctuation | question | sinal
❓	8	ponto de interrogação vermelho	? | interrogação | mark | pergunta | ponto | ponto de interrogação | ponto de interrogação vermelho | pontuação | punctuation | question | red | red question mark | sinal
❔	8	ponto de interrogação branco	? | delineado | interrogação | mark | outlined | pergunta | ponto de interrogação branco | pontuação | punctuation | question | sinal | white | white question mark
❕	8	ponto de exclamação branco	! | bang | delineado | exclamation | exclamação | mark | outlined | ponto | ponto de exclamação branco | pontuação | punctuation | sinal | white | white exclamation mark
❗	8	ponto de exclamação vermelho	! | bang | exclamation | exclamação | mark | ponto de exclamação | ponto de exclamação vermelho | pontuação | punctuation | red | red exclamation mark
〰️	8	travessão ondulado	dash | onda | ondulado | pontuação | punctuation | travessão | travessão ondulado | wavy | wavy dash
💱	8	câmbio de moeda	banco | bank | currency | currency exchange | câmbio | câmbio de moeda | dinheiro | exchange | moeda | money
💲	8	cifrão	billion | cash | charge | cifrão | currency | dinheiro | dollar | dólar | grana | heavy | heavy dollar sign | million | moeda | money | pay | sign | símbolo do dólar | símbolo do dólar em negrito
⚕️	8	símbolo da medicina	aesculapius | bastão de asclépio | esculápio | medical | medical symbol | medicina | medicine | staff | symbol | símbolo | símbolo da medicina
♻️	8	símbolo de reciclagem	reciclagem | reclicar | recycle | recycling | recycling symbol | sinal | symbol | símbolo de reciclagem | símbolo de reciclagem sólido universal
⚜️	8	flor-de-lis	cavaleiros | fleur-de-lis | flor-de-lis | knights | símbolo
🔱	8	emblema de tridente	anchor | emblem | emblema | emblema de tridente | ferramenta | navio | poseidon | ship | símbolo de tridente | tool | trident | trident emblem | tridente | âncora
📛	8	crachá	badge | crachá | identificação | name | name badge | nome
🔰	8	símbolo japonês de principiante	Japanese | Japanese symbol for beginner | beginner | chevron | folha verde e amarela | green | iniciante | japonês | leaf | symbol | símbolo japonês de principiante | símbolo japonês para iniciante | tool | verde e amarela | verde e amarelo | yellow
⭕	8	círculo grande oco	aro | circle | círculo | círculo grande oco | círculo vermelho vazio | grande | heavy | hollow | hollow red circle | large | o | red | vermelho
✅	8	marca de seleção branca	botão | button | check | check mark button | checked | checkmark | complete | completed | completo | done | feito | fixed | marca | marca de seleção branca | marca de verificação | marca de verificação grande | mark | tick | verificado | verificação | ✓
☑️	8	caixa de seleção marcada com tique	ballot | box | caixa | caixa de seleção marcada com tique | check | check box with check | checked | done | feito | marca de verificação | marca de verificação cinza | off | tick | verificação | ✓
✔️	8	marca de seleção	check | check mark | checked | checkmark | done | feito | heavy | marca | marca de seleção | marca de verificação simples | marcar | mark | selecionar | tick | verificação | ✓
❌	8	xis	X | cancel | cancelar | cross | cross mark | mark | multiplicar | multiplication | multiplicação | multiply | vermelho | x | xis | ×
❎	8	botão de xis	botão com x | botão de caixa com X | botão de xis | button | cross | cross mark button | marcado | mark | multiplicar | multiplication | multiply | quadrado | square | x | x em um quadrado verde | x verde | ×
➰	8	laço encaracolado	curl | curly | curly loop | laço encaracolado | loop | onda | ondulado | volta
➿	8	loop encaracolado duas vezes	curl | curly | double | double curly loop | duas vezes | duplo | encaradolado | loop | loop encaracolado duas vezes | onda | ondulado
〽️	8	sinal japonês indicando início de música	alternation | canto | japonês | mark | part | part alternation mark | sinal japonês indicando início de música | símbolo japonês de canto
✳️	8	asterisco de oito pontas	* | asterisco | asterisco de oito pontas | asterisk | eight-spoked | eight-spoked asterisk | estrela
✴️	8	estrela de oito pontas	* | eight-pointed | eight-pointed star | estrela | estrela de oito pontas | oito pontas | star
❇️	8	faísca	* | cruz | faísca | sparkle
©️	8	símbolo de copyright	C | Copyright | copyright | direitos autorais | símbolo de copyright
®️	8	símbolo de registrado	Marca registrada | Marca registrada “R” | R | marca registrada | marca registrada “R” | registered | símbolo de registrado
™️	8	símbolo de marca registrada	Marca registrada “TM” | TM | marca registrada | marca registrada “TM” | mark | símbolo | símbolo de marca registrada | trade | trade mark | trademark
🫟	8	respingo	drip | holi | ink | liquid | mancha | mess | paint | pingo | respingo | spill | splatter | stain | tinta
#️⃣	8	keycap: #	keycap: #
*️⃣	8	keycap: *	keycap: *
0️⃣	8	tecla: 0	0 | keycap | keycap: 0 | tecla | tecla: 0 | zero
1️⃣	8	tecla: 1	1 | keycap | keycap: 1 | one | tecla | tecla: 1 | um
2️⃣	8	tecla: 2	2 | dois | keycap | keycap: 2 | tecla | tecla: 2 | two
3️⃣	8	tecla: 3	3 | keycap | keycap: 3 | tecla | tecla: 3 | three | três
4️⃣	8	tecla: 4	4 | four | keycap | keycap: 4 | quatro | tecla | tecla: 4
5️⃣	8	tecla: 5	5 | cinco | five | keycap | keycap: 5 | tecla | tecla: 5
6️⃣	8	tecla: 6	6 | keycap | keycap: 6 | seis | six | tecla | tecla: 6
7️⃣	8	tecla: 7	7 | keycap | keycap: 7 | sete | seven | tecla | tecla: 7
8️⃣	8	tecla: 8	8 | eight | keycap | keycap: 8 | oito | tecla | tecla: 8
9️⃣	8	tecla: 9	9 | keycap | keycap: 9 | nine | nove | tecla | tecla: 9
🔟	8	keycap: 10	keycap: 10
🔠	8	letras latinas maiúsculas	ABCD | caracteres latinos maiúsculos | digitação | input | input latin uppercase | inserir caracteres latinos maiúsculos | latin | latinas | letras | letras latinas maiúsculas | letters | maiúsculas | maiúsculos | uppercase
🔡	8	letras latinas minúsculas	abcd | caracteres latinos minúsculos | digitação | input | input latin lowercase | latin | latinas | latino | letras | letras latinas minúsculas | letters | lowercase | minúsculas | minúsculos
🔢	8	números	1234 | digitação | input | input numbers | inserir números | numbers | números
🔣	8	símbolos	% | & | digitação | input | input symbols | inserir símbolos | symbols | símbolos | ♪ | 〒 | 〒♪&%
🔤	8	letras latinas	ABC | abc | alfabeto | alphabet | digitação | inglês | input | input latin letters | inserir alfabeto latino | latin | latinas | latino | letras | letras latinas | letters
🅰️	8	botão A (tipo sanguíneo)	A | A button (blood type) | blood | botão A (tipo sanguíneo) | button | sangue | tipo A | tipo sanguíneo | tipo sanguíneo A | type
🆎	8	botão AB (tipo sanguíneo)	AB | AB button (blood type) | blood | botão AB (tipo sanguíneo) | button | sangue | tipo AB | tipo sanguíneo | tipo sanguíneo AB | type
🅱️	8	botão B (tipo sanguíneo)	B | B button (blood type) | blood | botão B (tipo sanguíneo) | button | sangue | tipo B | tipo sanguíneo | tipo sanguíneo B | type
🆑	8	botão CL	CL | CL button | botão CL | button | cl | limpar | símbolo do CL
🆒	8	botão "COOL"	COOL | COOL button | botão "COOL" | botão cool | button | cool | legal | símbolo “cool”
🆓	8	botão "FREE"	FREE | FREE button | botão "FREE" | button | free | gratuito | grátis | símbolo | símbolo “Free”
ℹ️	8	informações	I | i | information | informação | informações | símbolo | símbolo de informações
🆔	8	botão ID	ID | ID button | botão ID | button | identidade | identity | símbolo | símbolo “ID”
Ⓜ️	8	círculo com a letra M	M | circle | circled | circled M | círculo | círculo com a letra M | letra M | m
🆕	8	botão "NEW"	NEW | NEW button | Novo | botão "NEW" | button | new | símbolo
🆖	8	botão NG	NG | NG button | botão NG | button | símbolo | símbolo “NG”
🅾️	8	botão O (tipo sanguíneo)	O | O button (blood type) | blood | botão O (tipo sanguíneo) | button | sangue | tipo O | tipo sanguíneo | tipo sanguíneo O | type
🆗	8	botão OK	OK | OK button | botão OK | button | ok | okay | sim | símbolo “OK”
🅿️	8	botão P	P | P button | botão P | button | estacionamento | estacionar | garagem de carros | parking
🆘	8	botão SOS	Ajuda | SOS | SOS button | Socorro | botão SOS | button | help | símbolo | símbolo “SOS”
🆙	8	botão "UP!"	UP | UP! | UP! button | botão "UP!" | button | mark | para cima | símbolo | símbolo “UP!” | up
🆚	8	botão VS	VS | VS button | botão VS | botão vs | button | símbolo | símbolo “vs” | versus | vs
🈁	8	botão japonês de “aqui”	Japanese | Japanese “here” button | aqui | botão | botão japonês de “aqui” | button | here | japonês | katakana
🈂️	8	botão japonês de “taxa de serviço”	Japanese | Japanese “service charge” button | botão | botão japonês de “taxa de serviço” | button | charge | cobrança | japonês | katakana | service | serviço
🈷️	8	botão japonês de “quantidade mensal”	Japanese | Japanese “monthly amount” button | amount | botão | botão japonês de “quantidade mensal” | button | ideograma | ideograph | japonês | mensal | monthly | quantidade | valor
🈶	8	botão japonês de “não gratuito”	Japanese | Japanese “not free of charge” button | botão | botão japonês de “não gratuito” | button | charge | free | grátis | ideograma | ideograph | isento | japonês | not | não | taxa
🈯	8	botão japonês de “reservado”	Japanese | Japanese “reserved” button | botão | botão japonês de “reservado” | button | ideograma | ideograph | japonês | reservado | reserved
🉐	8	botão japonês de “barganha”	Japanese | Japanese “bargain” button | bargain | barganha | botão | botão japonês de “barganha” | button | ideograma | ideograph | japonês | promoção
🈹	8	botão japonês de “desconto”	Japanese | Japanese “discount” button | botão | botão japonês de “desconto” | button | desconto | discount | ideograma | ideograph | japonês
🈚	8	botão japonês de “gratuito”	Japanese | Japanese “free of charge” button | botão | botão japonês de “gratuito” | button | charge | free | gratuito | ideograma | ideograph | japonês
🈲	8	botão japonês de “proibido”	Japanese | Japanese “prohibited” button | botão | botão japonês de “proibido” | button | ideograma | ideograph | japonês | prohibited | proibido
🉑	8	botão japonês de “aceitável”	Japanese | Japanese “acceptable” button | acceptable | aceitável | botão | botão japonês de “aceitável” | button | ideograma | ideograph | japonês
🈸	8	botão japonês de “aplicação”	Japanese | Japanese “application” button | aplicativo | aplicação | application | botão | botão japonês de “aplicação” | button | ideograma | ideograph | japonês
🈴	8	botão japonês de “nota mínima”	Japanese | Japanese “passing grade” button | botão | botão japonês de “nota mínima” | button | grade | ideograma | ideograph | japonês | mínima | nota | passing
🈳	8	botão japonês de “vago”	Japanese | Japanese “vacancy” button | botão | botão japonês de “vago” | button | ideograma | ideograph | japonês | vacancy | vago
㊗️	8	botão japonês de “parabéns”	Japanese | Japanese “congratulations” button | botão | botão japonês de “parabéns” | button | congratulations | ideograma | ideograph | japonês | parabéns
㊙️	8	botão japonês de “segredo”	Japanese | Japanese “secret” button | botão | botão japonês de “segredo” | button | ideograma | ideograph | japonês | secret | segredo
🈺	8	botão japonês de “aberto para negócios”	Japanese | Japanese “open for business” button | aberto | botão | botão japonês de “aberto para negócios” | business | button | ideograma | ideograph | japonês | negócios | open
🈵	8	botão japonês de “sem vagas”	Japanese | Japanese “no vacancy” button | botão | botão japonês de “sem vagas” | button | ideograma | ideograph | japonês | no | sem | vacancy | vagas
🔴	8	círculo vermelho	bola vermelha | circle | círculo | círculo vermelho | círculo vermelho grande | geometric | geométrico | red | red circle | vermelho
🟠	8	círculo laranja	circle | círculo | círculo laranja | laranja | orange | orange circle
🟡	8	círculo amarelo	amarelo | circle | círculo | círculo amarelo | yellow | yellow circle
🟢	8	círculo verde	circle | círculo | círculo verde | green | green circle | verde
🔵	8	círculo azul	azul | blue | blue circle | bolinha azul | circle | círculo | círculo azul | círculo azul grande | geometric | geométrico
🟣	8	círculo roxo	circle | círculo | círculo roxo | purple | purple circle | roxo
🟤	8	círculo marrom	brown | brown circle | circle | círculo | círculo marrom | marrom
⚫	8	círculo preto	black | black circle | circle | círculo | círculo preto | geometric | geométrico | preto
⚪	8	círculo branco	branco | circle | círculo | círculo branco | geometric | geométrico | white | white circle
🟥	8	quadrado vermelho	card | penalty | quadrado | quadrado vermelho | red | red square | square | vermelho
🟧	8	quadrado laranja	laranja | orange | orange square | quadrado | quadrado laranja | square
🟨	8	quadrado amarelo	amarelo | card | penalty | quadrado | quadrado amarelo | square | yellow | yellow square
🟩	8	quadrado verde	green | green square | quadrado | quadrado verde | square | verde
🟦	8	quadrado azul	anil | azul | blue | blue square | quadrado | quadrado azul | square
🟪	8	quadrado roxo	purple | purple square | púrpura | quadrado | quadrado roxo | roxo | square
🟫	8	quadrado marrom	brown | brown square | marrom | quadrado | quadrado marrom | square
⬛	8	quadrado preto grande	black | black large square | geometric | geométrico | large | preto | quadrado | quadrado preto grande | square
⬜	8	quadrado branco grande	geometric | geométrico | large | quadrado | quadrado branco grande | square | white | white large square
◼️	8	quadrado preto médio	black | black medium square | geometric | geométrico | medium | quadrado | quadrado preto médio | square
◻️	8	quadrado branco médio	geometric | geométrico | medium | quadrado | quadrado branco médio | square | white | white medium square
◾	8	quadrado preto médio menor	black | black medium-small square | geometric | geométrico | medium-small | preto | quadrado | quadrado preto médio menor | square
◽	8	quadrado branco médio menor	branco | geometric | geométrico | medium-small | quadrado | quadrado branco médio menor | square | white | white medium-small square
▪️	8	quadrado preto pequeno	black | black small square | geometric | geométrico | pequeno | preto | quadrado | quadrado preto pequeno | small | square
▫️	8	quadrado branco pequeno	branco | geometric | geométrico | pequeno | quadrado | quadrado branco pequeno | small | square | white | white small square
🔶	8	losango laranja grande	cor de laranja | diamante | diamante cor de laranja grande | diamante laranja grande | diamond | geometric | geométrico | laranja | large | large orange diamond | losango | losango laranja grande | orange
🔷	8	losango azul grande	azul | balão | blue | diamante | diamante azul grande | diamond | geometric | geométrico | large | large blue diamond | losango | losango azul grande
🔸	8	losango laranja pequeno	cor de laranja | diamante | diamante cor de laranja pequeno | diamante laranja pequeno | diamond | geometric | geométrico | laranja | losango | losango laranja pequeno | orange | small | small orange diamond
🔹	8	losango azul pequeno	azul | blue | diamante | diamante azul pequeno | diamond | geometric | geométrico | losango | losango azul pequeno | small | small blue diamond
🔺	8	triângulo vermelho para cima	geometric | geométrico | pointed | red | red triangle pointed up | triangle | triangulo vermelho para cima | triângulo | triângulo vermelho apontando para cima | triângulo vermelho para cima | up | vermelho
🔻	8	triângulo vermelho para baixo	down | geometric | geométrico | pointed | red | red triangle pointed down | triangle | triangulo vermelho para baixo | triângulo | triângulo vermelho apontando para baixo | triângulo vermelho para baixo | vermelho
💠	8	diamante com um ponto	comic | cômico | dentro | diamante | diamante com ponto | diamante com um ponto | diamond | diamond with a dot | dot | formato de diamante | geometric | geométrico
🔘	8	botão de opção	botão | botão de opção | button | geometric | geométrico | radio | radio button | rádio
🔳	8	botão quadrado branco	botão | botão quadrado branco | botão quadrado branco e preto | button | geometric | outlined | quadrado | square | white | white square button
🔲	8	botão quadrado preto	black | black square button | botão | botão quadrado preto | botão quadrado preto e branco | button | geometric | geométrico | quadrado | square
🏁	9	bandeira quadriculada	bandeira | bandeira quadriculada | checkered | chegada | chequered | chequered flag | corrida | esporte | finish | flag | flags | game | quadriculada | race | racing | sport | vitória | win
🚩	9	bandeira triangular	bandeira | bandeira triangular | construction | flag | golf | informações | localização | post | poste | triangular | triangular flag | vermelha | vermelho
🎌	9	bandeiras cruzadas	Japanese | Japonês | Japão | bandeira | bandeiras cruzadas | celebration | comemoração | cross | crossed | crossed flags | cruzadas | cruzar | flags
🏴	9	bandeira preta	bandeira | bandeira preta | black | black flag | flag | preta | tremulando | waving
🏳️	9	bandeira branca	bandeira | bandeira branca | branca | flag | paz | tremulando | waving | white | white flag
🏳️‍🌈	9	bandeira do arco-íris	arco-íris | bandeira | bandeira do arco-íris | bisexual | bissexual | flag | gay | genderqueer | glbt | glbtq | lesbian | lgbt | lgbtq | lgbtqia | lésbica | orgulho | pride | queer | rainbow | rainbow flag | trans | transexual | transgender | transgênero | travesti
🏳️‍⚧️	9	bandeira transgênero	azul claro | bandeira | bandeira transgênero | blue | branco | flag | light | pink | rosa | transgender | transgender flag | transgênero | white
🏴‍☠️	9	bandeira de pirata	Jolly | Roger | bandeira | bandeira de pirata | caveira | flag | osso | pirata | pirate | pirate flag | plunder | saque | tesouro | treasure
🇦🇨	9	flag: Ascension Island	flag: Ascension Island
🇦🇩	9	flag: Andorra	flag: Andorra
🇦🇪	9	flag: United Arab Emirates	flag: United Arab Emirates
🇦🇫	9	flag: Afghanistan	flag: Afghanistan
🇦🇬	9	flag: Antigua & Barbuda	flag: Antigua & Barbuda
🇦🇮	9	flag: Anguilla	flag: Anguilla
🇦🇱	9	flag: Albania	flag: Albania
🇦🇲	9	flag: Armenia	flag: Armenia
🇦🇴	9	flag: Angola	flag: Angola
🇦🇶	9	flag: Antarctica	flag: Antarctica
🇦🇷	9	flag: Argentina	flag: Argentina
🇦🇸	9	flag: American Samoa	flag: American Samoa
🇦🇹	9	flag: Austria	flag: Austria
🇦🇺	9	flag: Australia	flag: Australia
🇦🇼	9	flag: Aruba	flag: Aruba
🇦🇽	9	flag: Åland Islands	flag: Åland Islands
🇦🇿	9	flag: Azerbaijan	flag: Azerbaijan
🇧🇦	9	flag: Bosnia & Herzegovina	flag: Bosnia & Herzegovina
🇧🇧	9	flag: Barbados	flag: Barbados
🇧🇩	9	flag: Bangladesh	flag: Bangladesh
🇧🇪	9	flag: Belgium	flag: Belgium
🇧🇫	9	flag: Burkina Faso	flag: Burkina Faso
🇧🇬	9	flag: Bulgaria	flag: Bulgaria
🇧🇭	9	flag: Bahrain	flag: Bahrain
🇧🇮	9	flag: Burundi	flag: Burundi
🇧🇯	9	flag: Benin	flag: Benin
🇧🇱	9	flag: St. Barthélemy	flag: St. Barthélemy
🇧🇲	9	flag: Bermuda	flag: Bermuda
🇧🇳	9	flag: Brunei	flag: Brunei
🇧🇴	9	flag: Bolivia	flag: Bolivia
🇧🇶	9	flag: Caribbean Netherlands	flag: Caribbean Netherlands
🇧🇷	9	flag: Brazil	flag: Brazil
🇧🇸	9	flag: Bahamas	flag: Bahamas
🇧🇹	9	flag: Bhutan	flag: Bhutan
🇧🇻	9	flag: Bouvet Island	flag: Bouvet Island
🇧🇼	9	flag: Botswana	flag: Botswana
🇧🇾	9	flag: Belarus	flag: Belarus
🇧🇿	9	flag: Belize	flag: Belize
🇨🇦	9	flag: Canada	flag: Canada
🇨🇨	9	flag: Cocos (Keeling) Islands	flag: Cocos (Keeling) Islands
🇨🇩	9	flag: Congo - Kinshasa	flag: Congo - Kinshasa
🇨🇫	9	flag: Central African Republic	flag: Central African Republic
🇨🇬	9	flag: Congo - Brazzaville	flag: Congo - Brazzaville
🇨🇭	9	flag: Switzerland	flag: Switzerland
🇨🇮	9	flag: Côte d’Ivoire	flag: Côte d’Ivoire
🇨🇰	9	flag: Cook Islands	flag: Cook Islands
🇨🇱	9	flag: Chile	flag: Chile
🇨🇲	9	flag: Cameroon	flag: Cameroon
🇨🇳	9	flag: China	flag: China
🇨🇴	9	flag: Colombia	flag: Colombia
🇨🇵	9	flag: Clipperton Island	flag: Clipperton Island
🇨🇶	9	flag: Sark	flag: Sark
🇨🇷	9	flag: Costa Rica	flag: Costa Rica
🇨🇺	9	flag: Cuba	flag: Cuba
🇨🇻	9	flag: Cape Verde	flag: Cape Verde
🇨🇼	9	flag: Curaçao	flag: Curaçao
🇨🇽	9	flag: Christmas Island	flag: Christmas Island
🇨🇾	9	flag: Cyprus	flag: Cyprus
🇨🇿	9	flag: Czechia	flag: Czechia
🇩🇪	9	flag: Germany	flag: Germany
🇩🇬	9	flag: Diego Garcia	flag: Diego Garcia
🇩🇯	9	flag: Djibouti	flag: Djibouti
🇩🇰	9	flag: Denmark	flag: Denmark
🇩🇲	9	flag: Dominica	flag: Dominica
🇩🇴	9	flag: Dominican Republic	flag: Dominican Republic
🇩🇿	9	flag: Algeria	flag: Algeria
🇪🇦	9	flag: Ceuta & Melilla	flag: Ceuta & Melilla
🇪🇨	9	flag: Ecuador	flag: Ecuador
🇪🇪	9	flag: Estonia	flag: Estonia
🇪🇬	9	flag: Egypt	flag: Egypt
🇪🇭	9	flag: Western Sahara	flag: Western Sahara
🇪🇷	9	flag: Eritrea	flag: Eritrea
🇪🇸	9	flag: Spain	flag: Spain
🇪🇹	9	flag: Ethiopia	flag: Ethiopia
🇪🇺	9	flag: European Union	flag: European Union
🇫🇮	9	flag: Finland	flag: Finland
🇫🇯	9	flag: Fiji	flag: Fiji
🇫🇰	9	flag: Falkland Islands	flag: Falkland Islands
🇫🇲	9	flag: Micronesia	flag: Micronesia
🇫🇴	9	flag: Faroe Islands	flag: Faroe Islands
🇫🇷	9	flag: France	flag: France
🇬🇦	9	flag: Gabon	flag: Gabon
🇬🇧	9	flag: United Kingdom	flag: United Kingdom
🇬🇩	9	flag: Grenada	flag: Grenada
🇬🇪	9	flag: Georgia	flag: Georgia
🇬🇫	9	flag: French Guiana	flag: French Guiana
🇬🇬	9	flag: Guernsey	flag: Guernsey
🇬🇭	9	flag: Ghana	flag: Ghana
🇬🇮	9	flag: Gibraltar	flag: Gibraltar
🇬🇱	9	flag: Greenland	flag: Greenland
🇬🇲	9	flag: Gambia	flag: Gambia
🇬🇳	9	flag: Guinea	flag: Guinea
🇬🇵	9	flag: Guadeloupe	flag: Guadeloupe
🇬🇶	9	flag: Equatorial Guinea	flag: Equatorial Guinea
🇬🇷	9	flag: Greece	flag: Greece
🇬🇸	9	flag: South Georgia & South Sandwich Islands	flag: South Georgia & South Sandwich Islands
🇬🇹	9	flag: Guatemala	flag: Guatemala
🇬🇺	9	flag: Guam	flag: Guam
🇬🇼	9	flag: Guinea-Bissau	flag: Guinea-Bissau
🇬🇾	9	flag: Guyana	flag: Guyana
🇭🇰	9	flag: Hong Kong SAR China	flag: Hong Kong SAR China
🇭🇲	9	flag: Heard & McDonald Islands	flag: Heard & McDonald Islands
🇭🇳	9	flag: Honduras	flag: Honduras
🇭🇷	9	flag: Croatia	flag: Croatia
🇭🇹	9	flag: Haiti	flag: Haiti
🇭🇺	9	flag: Hungary	flag: Hungary
🇮🇨	9	flag: Canary Islands	flag: Canary Islands
🇮🇩	9	flag: Indonesia	flag: Indonesia
🇮🇪	9	flag: Ireland	flag: Ireland
🇮🇱	9	flag: Israel	flag: Israel
🇮🇲	9	flag: Isle of Man	flag: Isle of Man
🇮🇳	9	flag: India	flag: India
🇮🇴	9	flag: British Indian Ocean Territory	flag: British Indian Ocean Territory
🇮🇶	9	flag: Iraq	flag: Iraq
🇮🇷	9	flag: Iran	flag: Iran
🇮🇸	9	flag: Iceland	flag: Iceland
🇮🇹	9	flag: Italy	flag: Italy
🇯🇪	9	flag: Jersey	flag: Jersey
🇯🇲	9	flag: Jamaica	flag: Jamaica
🇯🇴	9	flag: Jordan	flag: Jordan
🇯🇵	9	flag: Japan	flag: Japan
🇰🇪	9	flag: Kenya	flag: Kenya
🇰🇬	9	flag: Kyrgyzstan	flag: Kyrgyzstan
🇰🇭	9	flag: Cambodia	flag: Cambodia
🇰🇮	9	flag: Kiribati	flag: Kiribati
🇰🇲	9	flag: Comoros	flag: Comoros
🇰🇳	9	flag: St. Kitts & Nevis	flag: St. Kitts & Nevis
🇰🇵	9	flag: North Korea	flag: North Korea
🇰🇷	9	flag: South Korea	flag: South Korea
🇰🇼	9	flag: Kuwait	flag: Kuwait
🇰🇾	9	flag: Cayman Islands	flag: Cayman Islands
🇰🇿	9	flag: Kazakhstan	flag: Kazakhstan
🇱🇦	9	flag: Laos	flag: Laos
🇱🇧	9	flag: Lebanon	flag: Lebanon
🇱🇨	9	flag: St. Lucia	flag: St. Lucia
🇱🇮	9	flag: Liechtenstein	flag: Liechtenstein
🇱🇰	9	flag: Sri Lanka	flag: Sri Lanka
🇱🇷	9	flag: Liberia	flag: Liberia
🇱🇸	9	flag: Lesotho	flag: Lesotho
🇱🇹	9	flag: Lithuania	flag: Lithuania
🇱🇺	9	flag: Luxembourg	flag: Luxembourg
🇱🇻	9	flag: Latvia	flag: Latvia
🇱🇾	9	flag: Libya	flag: Libya
🇲🇦	9	flag: Morocco	flag: Morocco
🇲🇨	9	flag: Monaco	flag: Monaco
🇲🇩	9	flag: Moldova	flag: Moldova
🇲🇪	9	flag: Montenegro	flag: Montenegro
🇲🇫	9	flag: St. Martin	flag: St. Martin
🇲🇬	9	flag: Madagascar	flag: Madagascar
🇲🇭	9	flag: Marshall Islands	flag: Marshall Islands
🇲🇰	9	flag: North Macedonia	flag: North Macedonia
🇲🇱	9	flag: Mali	flag: Mali
🇲🇲	9	flag: Myanmar (Burma)	flag: Myanmar (Burma)
🇲🇳	9	flag: Mongolia	flag: Mongolia
🇲🇴	9	flag: Macao SAR China	flag: Macao SAR China
🇲🇵	9	flag: Northern Mariana Islands	flag: Northern Mariana Islands
🇲🇶	9	flag: Martinique	flag: Martinique
🇲🇷	9	flag: Mauritania	flag: Mauritania
🇲🇸	9	flag: Montserrat	flag: Montserrat
🇲🇹	9	flag: Malta	flag: Malta
🇲🇺	9	flag: Mauritius	flag: Mauritius
🇲🇻	9	flag: Maldives	flag: Maldives
🇲🇼	9	flag: Malawi	flag: Malawi
🇲🇽	9	flag: Mexico	flag: Mexico
🇲🇾	9	flag: Malaysia	flag: Malaysia
🇲🇿	9	flag: Mozambique	flag: Mozambique
🇳🇦	9	flag: Namibia	flag: Namibia
🇳🇨	9	flag: New Caledonia	flag: New Caledonia
🇳🇪	9	flag: Niger	flag: Niger
🇳🇫	9	flag: Norfolk Island	flag: Norfolk Island
🇳🇬	9	flag: Nigeria	flag: Nigeria
🇳🇮	9	flag: Nicaragua	flag: Nicaragua
🇳🇱	9	flag: Netherlands	flag: Netherlands
🇳🇴	9	flag: Norway	flag: Norway
🇳🇵	9	flag: Nepal	flag: Nepal
🇳🇷	9	flag: Nauru	flag: Nauru
🇳🇺	9	flag: Niue	flag: Niue
🇳🇿	9	flag: New Zealand	flag: New Zealand
🇴🇲	9	flag: Oman	flag: Oman
🇵🇦	9	flag: Panama	flag: Panama
🇵🇪	9	flag: Peru	flag: Peru
🇵🇫	9	flag: French Polynesia	flag: French Polynesia
🇵🇬	9	flag: Papua New Guinea	flag: Papua New Guinea
🇵🇭	9	flag: Philippines	flag: Philippines
🇵🇰	9	flag: Pakistan	flag: Pakistan
🇵🇱	9	flag: Poland	flag: Poland
🇵🇲	9	flag: St. Pierre & Miquelon	flag: St. Pierre & Miquelon
🇵🇳	9	flag: Pitcairn Islands	flag: Pitcairn Islands
🇵🇷	9	flag: Puerto Rico	flag: Puerto Rico
🇵🇸	9	flag: Palestinian Territories	flag: Palestinian Territories
🇵🇹	9	flag: Portugal	flag: Portugal
🇵🇼	9	flag: Palau	flag: Palau
🇵🇾	9	flag: Paraguay	flag: Paraguay
🇶🇦	9	flag: Qatar	flag: Qatar
🇷🇪	9	flag: Réunion	flag: Réunion
🇷🇴	9	flag: Romania	flag: Romania
🇷🇸	9	flag: Serbia	flag: Serbia
🇷🇺	9	flag: Russia	flag: Russia
🇷🇼	9	flag: Rwanda	flag: Rwanda
🇸🇦	9	flag: Saudi Arabia	flag: Saudi Arabia
🇸🇧	9	flag: Solomon Islands	flag: Solomon Islands
🇸🇨	9	flag: Seychelles	flag: Seychelles
🇸🇩	9	flag: Sudan	flag: Sudan
🇸🇪	9	flag: Sweden	flag: Sweden
🇸🇬	9	flag: Singapore	flag: Singapore
🇸🇭	9	flag: St. Helena	flag: St. Helena
🇸🇮	9	flag: Slovenia	flag: Slovenia
🇸🇯	9	flag: Svalbard & Jan Mayen	flag: Svalbard & Jan Mayen
🇸🇰	9	flag: Slovakia	flag: Slovakia
🇸🇱	9	flag: Sierra Leone	flag: Sierra Leone
🇸🇲	9	flag: San Marino	flag: San Marino
🇸🇳	9	flag: Senegal	flag: Senegal
🇸🇴	9	flag: Somalia	flag: Somalia
🇸🇷	9	flag: Suriname	flag: Suriname
🇸🇸	9	flag: South Sudan	flag: South Sudan
🇸🇹	9	flag: São Tomé & Príncipe	flag: São Tomé & Príncipe
🇸🇻	9	flag: El Salvador	flag: El Salvador
🇸🇽	9	flag: Sint Maarten	flag: Sint Maarten
🇸🇾	9	flag: Syria	flag: Syria
🇸🇿	9	flag: Eswatini	flag: Eswatini
🇹🇦	9	flag: Tristan da Cunha	flag: Tristan da Cunha
🇹🇨	9	flag: Turks & Caicos Islands	flag: Turks & Caicos Islands
🇹🇩	9	flag: Chad	flag: Chad
🇹🇫	9	flag: French Southern Territories	flag: French Southern Territories
🇹🇬	9	flag: Togo	flag: Togo
🇹🇭	9	flag: Thailand	flag: Thailand
🇹🇯	9	flag: Tajikistan	flag: Tajikistan
🇹🇰	9	flag: Tokelau	flag: Tokelau
🇹🇱	9	flag: Timor-Leste	flag: Timor-Leste
🇹🇲	9	flag: Turkmenistan	flag: Turkmenistan
🇹🇳	9	flag: Tunisia	flag: Tunisia
🇹🇴	9	flag: Tonga	flag: Tonga
🇹🇷	9	flag: Türkiye	flag: Türkiye
🇹🇹	9	flag: Trinidad & Tobago	flag: Trinidad & Tobago
🇹🇻	9	flag: Tuvalu	flag: Tuvalu
🇹🇼	9	flag: Taiwan	flag: Taiwan
🇹🇿	9	flag: Tanzania	flag: Tanzania
🇺🇦	9	flag: Ukraine	flag: Ukraine
🇺🇬	9	flag: Uganda	flag: Uganda
🇺🇲	9	flag: U.S. Outlying Islands	flag: U.S. Outlying Islands
🇺🇳	9	flag: United Nations	flag: United Nations
🇺🇸	9	flag: United States	flag: United States
🇺🇾	9	flag: Uruguay	flag: Uruguay
🇺🇿	9	flag: Uzbekistan	flag: Uzbekistan
🇻🇦	9	flag: Vatican City	flag: Vatican City
🇻🇨	9	flag: St. Vincent & Grenadines	flag: St. Vincent & Grenadines
🇻🇪	9	flag: Venezuela	flag: Venezuela
🇻🇬	9	flag: British Virgin Islands	flag: British Virgin Islands
🇻🇮	9	flag: U.S. Virgin Islands	flag: U.S. Virgin Islands
🇻🇳	9	flag: Vietnam	flag: Vietnam
🇻🇺	9	flag: Vanuatu	flag: Vanuatu
🇼🇫	9	flag: Wallis & Futuna	flag: Wallis & Futuna
🇼🇸	9	flag: Samoa	flag: Samoa
🇽🇰	9	flag: Kosovo	flag: Kosovo
🇾🇪	9	flag: Yemen	flag: Yemen
🇾🇹	9	flag: Mayotte	flag: Mayotte
🇿🇦	9	flag: South Africa	flag: South Africa
🇿🇲	9	flag: Zambia	flag: Zambia
🇿🇼	9	flag: Zimbabwe	flag: Zimbabwe
🏴󠁧󠁢󠁥󠁮󠁧󠁿	9	flag: England	flag: England
🏴󠁧󠁢󠁳󠁣󠁴󠁿	9	flag: Scotland	flag: Scotland
🏴󠁧󠁢󠁷󠁬󠁳󠁿	9	flag: Wales	flag: Wales
